8.0642e-08,-1.4951,0.96445,0.43872,-0.57709,0.49385,78.087,25.748,3.7476,2.8436,1.3518
8.0382e-08,-1.485,0.96703,0.437,-0.57567,0.49377,78.114,25.754,3.7592,2.8451,1.3521
8.0123e-08,-1.4761,0.96953,0.4353,-0.57422,0.49368,78.142,25.759,3.7709,2.8466,1.3524
7.9865e-08,-1.4686,0.97194,0.43387,-0.57277,0.4936,78.169,25.765,3.7826,2.8481,1.3527
7.9609e-08,-1.4627,0.97424,0.43242,-0.57133,0.49351,78.197,25.77,3.7944,2.8496,1.3531
7.9353e-08,-1.4587,0.97644,0.4312,-0.56988,0.49343,78.224,25.775,3.8063,2.8511,1.3534
7.9099e-08,-1.4569,0.97853,0.43044,-0.56843,0.49334,78.252,25.78,3.8183,2.8525,1.3536
7.8846e-08,-1.4575,0.98055,0.43015,-0.56698,0.49326,78.279,25.784,3.8303,2.854,1.3539
7.8594e-08,-1.4609,0.98249,0.43048,-0.56555,0.49318,78.307,25.789,3.8423,2.8554,1.3542
7.8343e-08,-1.4672,0.98418,0.43148,-0.56386,0.4931,78.334,25.793,3.8544,2.8569,1.3545
7.8093e-08,-1.4766,0.98611,0.43312,-0.56233,0.49302,78.362,25.797,3.8666,2.8583,1.3548
7.7845e-08,-1.4893,0.98798,0.43536,-0.56068,0.49294,78.389,25.801,3.8789,2.8598,1.3551
7.7597e-08,-1.5049,0.98961,0.4376,-0.55833,0.49286,78.417,25.805,3.8911,2.8612,1.3553
7.7351e-08,-1.5228,0.9911,0.44022,-0.55684,0.49278,78.444,25.808,3.9035,2.8626,1.3556
7.7106e-08,-1.5437,0.99186,0.44114,-0.5552,0.4927,78.472,25.811,3.9159,2.864,1.3559
7.6863e-08,-1.565,0.99315,0.4443,-0.55352,0.49262,78.499,25.814,3.9284,2.8654,1.3561
7.6621e-08,-1.5877,0.99575,0.44783,-0.55207,0.49254,78.527,25.817,3.9409,2.8668,1.3564
7.638e-08,-1.6135,0.99691,0.45139,-0.55073,0.49247,78.554,25.819,3.9535,2.8682,1.3567
7.614e-08,-1.6406,0.99818,0.45535,-0.54902,0.49239,78.582,25.822,3.9661,2.8695,1.3569
7.5901e-08,-1.6676,0.99949,0.45953,-0.54811,0.49231,78.609,25.824,3.9788,2.8709,1.3572
7.5664e-08,-1.6948,1.0012,0.46311,-0.54653,0.49224,78.637,25.825,3.9915,2.8722,1.3574
7.5428e-08,-1.7224,1.0028,0.46613,-0.5451,0.49216,78.664,25.827,4.0043,2.8736,1.3576
7.5194e-08,-1.7481,1.0038,0.46936,-0.5435,0.49209,78.692,25.828,4.0172,2.8749,1.3579
7.496e-08,-1.7714,1.0048,0.47098,-0.54197,0.49202,78.719,25.829,4.03,2.8762,1.3581
7.4729e-08,-1.7922,1.0061,0.47297,-0.54048,0.49195,78.747,25.83,4.043,2.8775,1.3583
7.4498e-08,-1.8133,1.0075,0.47343,-0.53926,0.49187,78.774,25.831,4.056,2.8788,1.3585
7.4269e-08,-1.8327,1.009,0.47533,-0.5381,0.4918,78.801,25.831,4.069,2.8801,1.3588
7.4041e-08,-1.8509,1.0104,0.47606,-0.53712,0.49173,78.829,25.831,4.0821,2.8814,1.359
7.3814e-08,-1.8672,1.0121,0.47574,-0.53663,0.49166,78.856,25.831,4.0952,2.8827,1.3592
7.3589e-08,-1.8831,1.0134,0.47649,-0.53623,0.49159,78.884,25.831,4.1084,2.8839,1.3594
7.3365e-08,-1.8968,1.0146,0.47591,-0.53577,0.49153,78.911,25.83,4.1216,2.8851,1.3596
7.3143e-08,-1.9091,1.0161,0.47497,-0.53531,0.49146,78.939,25.83,4.1348,2.8864,1.3598
7.2922e-08,-1.9221,1.0176,0.47306,-0.53527,0.49139,78.966,25.828,4.1481,2.8876,1.36
7.2702e-08,-1.9345,1.019,0.47137,-0.53479,0.49132,78.994,25.827,4.1615,2.8888,1.3602
7.2484e-08,-1.9472,1.0205,0.47068,-0.53404,0.49126,79.021,25.825,4.1748,2.89,1.3604
7.2267e-08,-1.9586,1.0218,0.47002,-0.53326,0.49119,79.048,25.824,4.1882,2.8912,1.3605
7.2051e-08,-1.9696,1.0232,0.46942,-0.53256,0.49113,79.076,25.821,4.2017,2.8924,1.3607
7.1837e-08,-1.9795,1.0249,0.4688,-0.53171,0.49107,79.103,25.819,4.2152,2.8935,1.3609
7.1624e-08,-1.99,1.0262,0.46829,-0.53028,0.491,79.131,25.816,4.2287,2.8947,1.3611
7.1413e-08,-1.9987,1.0276,0.46694,-0.5296,0.49094,79.158,25.813,4.2423,2.8958,1.3612
7.1203e-08,-2.0089,1.0288,0.46712,-0.52834,0.49088,79.185,25.81,4.2558,2.8969,1.3614
7.0994e-08,-2.0184,1.0305,0.46817,-0.52775,0.49082,79.213,25.807,4.2695,2.8981,1.3615
7.0787e-08,-2.0274,1.0322,0.46982,-0.52733,0.49076,79.24,25.803,4.2831,2.8992,1.3617
7.0582e-08,-2.0365,1.0333,0.47092,-0.52661,0.4907,79.267,25.799,4.2968,2.9002,1.3618
7.0377e-08,-2.0449,1.0347,0.47228,-0.52568,0.49065,79.295,25.795,4.3105,2.9013,1.362
7.0175e-08,-2.0524,1.036,0.47313,-0.52445,0.49059,79.322,25.79,4.3242,2.9024,1.3621
6.9973e-08,-2.0584,1.0371,0.47371,-0.52351,0.49053,79.349,25.785,4.338,2.9034,1.3622
6.9773e-08,-2.0642,1.0384,0.47391,-0.52282,0.49048,79.377,25.78,4.3518,2.9045,1.3624
6.9575e-08,-2.0688,1.0402,0.4745,-0.5221,0.49042,79.404,25.775,4.3656,2.9055,1.3625
6.9378e-08,-2.0728,1.0408,0.47433,-0.52113,0.49037,79.431,25.769,4.3794,2.9065,1.3626
6.9182e-08,-2.0763,1.0423,0.4741,-0.52057,0.49031,79.459,25.763,4.3933,2.9075,1.3627
6.8988e-08,-2.0791,1.0435,0.47336,-0.51913,0.49026,79.486,25.757,4.4072,2.9085,1.3628
6.8795e-08,-2.0809,1.0446,0.47285,-0.51819,0.49021,79.513,25.751,4.4211,2.9095,1.363
6.8603e-08,-2.0823,1.0455,0.47173,-0.51744,0.49016,79.541,25.744,4.435,2.9104,1.3631
6.8414e-08,-2.0829,1.0465,0.47101,-0.51607,0.49011,79.568,25.737,4.4489,2.9114,1.3632
6.8225e-08,-2.0827,1.0472,0.47009,-0.51492,0.49006,79.595,25.73,4.4628,2.9123,1.3632
6.8038e-08,-2.0823,1.0479,0.46892,-0.51365,0.49001,79.622,25.722,4.4768,2.9133,1.3633
6.7852e-08,-2.0808,1.049,0.46727,-0.5126,0.48997,79.649,25.714,4.4908,2.9142,1.3634
6.7668e-08,-2.0787,1.0497,0.46519,-0.51177,0.48992,79.677,25.706,4.5047,2.9151,1.3635
6.7486e-08,-2.0758,1.051,0.46352,-0.51082,0.48987,79.704,25.697,4.5187,2.916,1.3636
6.7304e-08,-2.0721,1.052,0.46132,-0.50915,0.48983,79.731,25.689,4.5327,2.9168,1.3636
6.7124e-08,-2.0678,1.0531,0.45995,-0.50897,0.48979,79.758,25.68,4.5467,2.9177,1.3637
6.6946e-08,-2.0635,1.0547,0.45804,-0.50744,0.48974,79.785,25.67,4.5607,2.9185,1.3638
6.6769e-08,-2.059,1.056,0.45648,-0.50662,0.4897,79.813,25.661,4.5748,2.9194,1.3638
6.6593e-08,-2.0531,1.0573,0.45304,-0.50615,0.48966,79.84,25.651,4.5888,2.9202,1.3639
6.6419e-08,-2.048,1.0583,0.45205,-0.50498,0.48962,79.867,25.641,4.6028,2.921,1.3639
6.6247e-08,-2.042,1.0594,0.45128,-0.50342,0.48958,79.894,25.63,4.6168,2.9218,1.364
6.6076e-08,-2.0358,1.0602,0.45038,-0.50277,0.48954,79.921,25.619,4.6308,2.9225,1.364
6.5906e-08,-2.0305,1.0617,0.44886,-0.5013,0.4895,79.948,25.608,4.6449,2.9233,1.364
6.5737e-08,-2.0246,1.0627,0.44793,-0.49942,0.48947,79.975,25.597,4.6589,2.9241,1.3641
6.557e-08,-2.0198,1.064,0.44791,-0.49882,0.48943,80.002,25.585,4.6729,2.9248,1.3641
6.5405e-08,-2.0145,1.0646,0.44594,-0.4984,0.4894,80.029,25.574,4.6869,2.9255,1.3641
6.5241e-08,-2.0094,1.0655,0.44465,-0.49746,0.48936,80.056,25.561,4.7009,2.9262,1.3641
6.5078e-08,-2.0039,1.0663,0.44328,-0.49613,0.48933,80.083,25.549,4.7149,2.9269,1.3641
6.4917e-08,-1.9994,1.0675,0.44204,-0.4952,0.4893,80.11,25.536,4.7289,2.9276,1.3641
6.4757e-08,-1.9942,1.0688,0.44042,-0.49399,0.48927,80.137,25.523,4.7428,2.9283,1.3641
6.4599e-08,-1.989,1.07,0.43907,-0.49265,0.48924,80.164,25.51,4.7568,2.9289,1.3641
6.4442e-08,-1.984,1.0712,0.43769,-0.49132,0.48921,80.191,25.496,4.7707,2.9296,1.3641
6.4286e-08,-1.979,1.0718,0.43659,-0.49008,0.48918,80.218,25.482,4.7846,2.9302,1.3641
6.4132e-08,-1.9744,1.0729,0.43445,-0.48879,0.48915,80.245,25.468,4.7986,2.9308,1.3641
6.398e-08,-1.9695,1.0743,0.43186,-0.48799,0.48912,80.272,25.453,4.8124,2.9314,1.364
6.3828e-08,-1.9644,1.0752,0.42941,-0.48619,0.4891,80.299,25.439,4.8263,2.932,1.364
6.3678e-08,-1.9597,1.0764,0.4266,-0.48513,0.48907,80.326,25.423,4.8402,2.9326,1.364
6.353e-08,-1.9556,1.0776,0.42437,-0.48392,0.48905,80.353,25.408,4.854,2.9332,1.3639
6.3383e-08,-1.9518,1.0788,0.42232,-0.48258,0.48903,80.38,25.392,4.8678,2.9337,1.3639
6.3237e-08,-1.9486,1.0802,0.42025,-0.48105,0.48901,80.407,25.376,4.8816,2.9342,1.3638
6.3093e-08,-1.9451,1.0816,0.41842,-0.47982,0.48898,80.433,25.36,4.8953,2.9348,1.3638
6.295e-08,-1.9424,1.083,0.41659,-0.47884,0.48897,80.46,25.344,4.909,2.9353,1.3637
6.2808e-08,-1.9412,1.0846,0.41455,-0.47818,0.48895,80.487,25.327,4.9227,2.9358,1.3636
6.2668e-08,-1.9389,1.0863,0.413,-0.47706,0.48893,80.514,25.31,4.9364,2.9362,1.3636
6.2529e-08,-1.9376,1.0878,0.41189,-0.47562,0.48891,80.541,25.292,4.95,2.9367,1.3635
6.2392e-08,-1.9364,1.0899,0.41002,-0.47464,0.4889,80.567,25.275,4.9636,2.9372,1.3634
6.2256e-08,-1.9348,1.0917,0.40786,-0.47396,0.48888,80.594,25.257,4.9772,2.9376,1.3633
6.2121e-08,-1.9338,1.0934,0.40616,-0.47315,0.48887,80.621,25.239,4.9907,2.938,1.3632
6.1988e-08,-1.9342,1.0954,0.40412,-0.47245,0.48885,80.648,25.22,5.0042,2.9385,1.3631
6.1856e-08,-1.9325,1.0971,0.40123,-0.47233,0.48884,80.674,25.201,5.0176,2.9389,1.363
6.1725e-08,-1.9311,1.0982,0.39855,-0.47148,0.48883,80.701,25.182,5.031,2.9392,1.3629
6.1596e-08,-1.9294,1.0998,0.39588,-0.47063,0.48882,80.728,25.163,5.0444,2.9396,1.3628
6.1468e-08,-1.9285,1.1017,0.39408,-0.46923,0.48881,80.754,25.143,5.0577,2.94,1.3627
6.1342e-08,-1.9269,1.1038,0.39154,-0.46793,0.4888,80.781,25.124,5.071,2.9403,1.3625
6.1216e-08,-1.9267,1.1052,0.389,-0.46701,0.4888,80.807,25.103,5.0842,2.9407,1.3624
6.1093e-08,-1.9253,1.1068,0.38631,-0.46582,0.48879,80.834,25.083,5.0974,2.941,1.3623
6.097e-08,-1.9236,1.1088,0.38344,-0.46534,0.48879,80.861,25.062,5.1105,2.9413,1.3621
6.0849e-08,-1.9217,1.1106,0.37915,-0.46442,0.48878,80.887,25.041,5.1236,2.9416,1.362
6.0729e-08,-1.9189,1.112,0.37409,-0.46333,0.48878,80.914,25.02,5.1367,2.9419,1.3618
6.061e-08,-1.9184,1.1134,0.3697,-0.46234,0.48878,80.94,24.999,5.1497,2.9422,1.3617
6.0493e-08,-1.9169,1.1143,0.36576,-0.46052,0.48877,80.967,24.977,5.1626,2.9424,1.3615
6.0377e-08,-1.9148,1.1159,0.36028,-0.45951,0.48877,80.993,24.955,5.1755,2.9427,1.3614
6.0262e-08,-1.9128,1.1165,0.35409,-0.4586,0.48878,81.02,24.932,5.1883,2.9429,1.3612
6.0149e-08,-1.9105,1.1172,0.34754,-0.45812,0.48878,81.046,24.91,5.2011,2.9431,1.361
6.0037e-08,-1.9084,1.1177,0.34167,-0.45667,0.48878,81.073,24.887,5.2138,2.9433,1.3608
5.9926e-08,-1.9059,1.1182,0.33575,-0.45581,0.48878,81.099,24.864,5.2265,2.9435,1.3606
5.9817e-08,-1.9033,1.1184,0.33012,-0.45504,0.48879,81.125,24.841,5.2391,2.9437,1.3604
5.9708e-08,-1.9009,1.1186,0.32469,-0.45413,0.4888,81.152,24.817,5.2516,2.9439,1.3602
5.9601e-08,-1.8992,1.1187,0.32043,-0.4532,0.4888,81.178,24.793,5.2641,2.944,1.36
5.9496e-08,-1.8966,1.1186,0.31628,-0.45219,0.48881,81.205,24.769,5.2765,2.9442,1.3598
5.9391e-08,-1.8948,1.1186,0.31238,-0.45097,0.48882,81.231,24.745,5.2889,2.9443,1.3596
5.9288e-08,-1.8931,1.1187,0.3087,-0.45021,0.48883,81.257,24.72,5.3011,2.9445,1.3594
5.9186e-08,-1.2632,1.119,0.30592,-0.44967,0.48884,81.284,24.695,5.3134,2.9446,1.3592
5.9085e-08,-1.262,1.1187,0.30411,-0.4497,0.48885,81.31,24.67,5.3255,2.9447,1.3589
5.8986e-08,-1.26,1.1192,0.30138,-0.44888,0.48887,81.336,24.645,5.3376,2.9447,1.3587
5.8888e-08,-1.2565,1.1197,0.29805,-0.44893,0.48888,81.362,24.619,5.3496,2.9448,1.3585
5.8791e-08,-1.2542,1.1204,0.297,-0.44805,0.48889,81.389,24.593,5.3616,2.9449,1.3582
5.8695e-08,-1.2525,1.1208,0.29466,-0.44764,0.48891,81.415,24.567,5.3735,2.9449,1.358
5.86e-08,-1.2509,1.1202,0.29229,-0.44632,0.48893,81.441,24.541,5.3853,2.945,1.3577
5.8507e-08,-1.249,1.1191,0.29045,-0.44537,0.48895,81.467,24.514,5.397,2.945,1.3574
5.8415e-08,-1.2476,1.1179,0.28913,-0.44433,0.48897,81.493,24.488,5.4087,2.945,1.3572
5.8324e-08,-1.2456,1.1163,0.28792,-0.44249,0.48899,81.519,24.461,5.4203,2.945,1.3569
5.8234e-08,-1.2444,1.1148,0.28937,-0.44147,0.48901,81.545,24.433,5.4318,2.945,1.3566
5.8146e-08,-1.2421,1.1147,0.29049,-0.44025,0.48903,81.572,24.406,5.4432,2.945,1.3563
5.8059e-08,-1.2407,1.1155,0.29193,-0.43906,0.48905,81.598,24.378,5.4546,2.945,1.356
5.7972e-08,-1.2378,1.117,0.29389,-0.43937,0.48908,81.624,24.35,5.4659,2.9449,1.3557
5.7888e-08,-1.8643,1.119,0.29671,-0.4386,0.4891,81.65,24.322,5.4771,2.9449,1.3554
5.7804e-08,-1.8614,1.1212,0.29899,-0.43899,0.48913,81.676,24.294,5.4883,2.9448,1.3551
5.7721e-08,-1.8578,1.1234,0.30155,-0.43924,0.48915,81.702,24.265,5.4993,2.9447,1.3548
5.764e-08,-1.8547,1.1253,0.30405,-0.43957,0.48918,81.728,24.236,5.5103,2.9446,1.3545
5.7559e-08,-1.8504,1.1272,0.30689,-0.43973,0.48921,81.754,24.207,5.5212,2.9445,1.3542
5.748e-08,-1.8461,1.1291,0.31037,-0.44002,0.48924,81.78,24.178,5.532,2.9444,1.3539
5.7402e-08,-1.8423,1.1307,0.3157,-0.44045,0.48927,81.805,24.149,5.5428,2.9443,1.3535
5.7325e-08,-1.8381,1.1325,0.32138,-0.44047,0.48931,81.831,24.119,5.5534,2.9442,1.3532
5.725e-08,-1.8339,1.1348,0.32711,-0.43984,0.48934,81.857,24.089,5.564,2.944,1.3529
5.7175e-08,-1.8292,1.1369,0.3324,-0.43994,0.48937,81.883,24.059,5.5745,2.9439,1.3525
5.7101e-08,-1.8241,1.139,0.33713,-0.43968,0.48941,81.909,24.029,5.585,2.9437,1.3522
5.7029e-08,-1.818,1.1404,0.34072,-0.4385,0.48944,81.935,23.999,5.5953,2.9435,1.3518
5.6958e-08,-1.8123,1.142,0.34428,-0.43821,0.48948,81.96,23.968,5.6055,2.9434,1.3515
5.6888e-08,-1.8058,1.1442,0.34836,-0.43795,0.48952,81.986,23.937,5.6157,2.9432,1.3511
5.6819e-08,-1.799,1.1469,0.35245,-0.43834,0.48956,82.012,23.906,5.6258,2.943,1.3507
5.6751e-08,-1.7912,1.1484,0.35532,-0.43783,0.4896,82.038,23.875,5.6358,2.9427,1.3503
5.6684e-08,-1.7827,1.1487,0.35743,-0.43713,0.48964,82.063,23.844,5.6457,2.9425,1.35
5.6618e-08,-1.7738,1.15,0.35951,-0.43813,0.48968,82.089,23.812,5.6556,2.9423,1.3496
5.6553e-08,-1.7639,1.1511,0.36059,-0.43726,0.48973,82.115,23.781,5.6653,2.942,1.3492
5.6489e-08,-1.7546,1.153,0.361,-0.43551,0.48977,82.14,23.749,5.675,2.9418,1.3488
5.6427e-08,-1.7427,1.1547,0.36227,-0.43458,0.48981,82.166,23.717,5.6846,2.9415,1.3484
5.6365e-08,-1.7326,1.1557,0.36259,-0.43447,0.48986,82.192,23.684,5.6941,2.9412,1.348
5.6305e-08,-1.72,1.1572,0.36248,-0.43461,0.48991,82.217,23.652,5.7035,2.9409,1.3476
5.6245e-08,-1.7078,1.16,0.36119,-0.43356,0.48996,82.243,23.62,5.7129,2.9406,1.3472
5.6187e-08,-1.6957,1.1616,0.35964,-0.4315,0.49,82.268,23.587,5.7221,2.9403,1.3467
5.6129e-08,-1.6852,1.1626,0.35765,-0.43088,0.49005,82.294,23.554,5.7313,2.94,1.3463
5.6073e-08,-1.6766,1.1645,0.35454,-0.43093,0.4901,82.319,23.521,5.7404,2.9397,1.3459
5.6018e-08,-1.6679,1.1651,0.3522,-0.43083,0.49016,82.345,23.488,5.7494,2.9394,1.3455
5.5963e-08,-1.6601,1.1657,0.34944,-0.42976,0.49021,82.37,23.454,5.7583,2.939,1.345
5.591e-08,-1.6535,1.1671,0.34725,-0.42959,0.49026,82.396,23.421,5.7672,2.9386,1.3446
5.5858e-08,-1.6479,1.1684,0.34526,-0.4294,0.49032,82.421,23.387,5.7759,2.9383,1.3441
5.5807e-08,-1.6439,1.17,0.34503,-0.42844,0.49037,82.447,23.354,5.7846,2.9379,1.3437
5.5756e-08,-1.6408,1.1714,0.34352,-0.42809,0.49043,82.472,23.32,5.7932,2.9375,1.3432
5.5707e-08,-1.6389,1.1725,0.34167,-0.42782,0.49049,82.497,23.286,5.8017,2.9371,1.3428
5.5659e-08,-1.6355,1.1738,0.33935,-0.42722,0.49055,82.523,23.252,5.8101,2.9367,1.3423
5.5611e-08,-1.6362,1.1753,0.33763,-0.42621,0.4906,82.548,23.217,5.8185,2.9363,1.3418
5.5565e-08,-1.6362,1.176,0.33663,-0.42558,0.49066,82.573,23.183,5.8267,2.9359,1.3413
5.5519e-08,-1.6377,1.1771,0.33578,-0.42505,0.49073,82.598,23.148,5.8349,2.9355,1.3409
5.5475e-08,-1.64,1.178,0.33597,-0.42385,0.49079,82.624,23.114,5.843,2.935,1.3404
5.5432e-08,-1.6428,1.179,0.33537,-0.42315,0.49085,82.649,23.079,5.8511,2.9346,1.3399
5.5389e-08,-1.6461,1.1808,0.33548,-0.42145,0.49091,82.674,23.044,5.859,2.9341,1.3394
5.5347e-08,-1.6499,1.1822,0.33536,-0.42073,0.49098,82.699,23.009,5.8669,2.9336,1.3389
5.5307e-08,-1.6546,1.1831,0.33554,-0.41996,0.49104,82.725,22.974,5.8747,2.9332,1.3384
5.5267e-08,-1.6594,1.1841,0.33583,-0.4188,0.49111,82.75,22.939,5.8824,2.9327,1.3379
5.5228e-08,-1.6643,1.1843,0.3355,-0.41874,0.49118,82.775,22.903,5.89,2.9322,1.3374
5.519e-08,-1.6689,1.1842,0.33613,-0.41787,0.49125,82.8,22.868,5.8976,2.9317,1.3369
5.5153e-08,-1.6749,1.1864,0.33757,-0.41644,0.49132,82.825,22.833,5.9051,2.9312,1.3364
5.5117e-08,-1.6815,1.187,0.33869,-0.41661,0.49139,82.85,22.797,5.9125,2.9307,1.3359
5.5082e-08,-1.6904,1.1879,0.34021,-0.41598,0.49146,82.875,22.761,5.9199,2.9301,1.3353
5.5048e-08,-1.6972,1.1882,0.34258,-0.41553,0.49153,82.9,22.725,5.9271,2.9296,1.3348
5.5014e-08,-1.7054,1.1891,0.34345,-0.41382,0.4916,82.925,22.69,5.9343,2.9291,1.3343
5.4982e-08,-1.7129,1.19,0.34513,-0.41278,0.49167,82.95,22.654,5.9415,2.9285,1.3338
5.495e-08,-1.7203,1.1905,0.34668,-0.41159,0.49175,82.975,22.618,5.9485,2.9279,1.3332
5.4919e-08,-1.7281,1.1909,0.34873,-0.4105,0.49182,83,22.582,5.9555,2.9274,1.3327
5.489e-08,-1.7358,1.1913,0.35023,-0.40956,0.4919,83.025,22.545,5.9625,2.9268,1.3321
5.4861e-08,-1.7422,1.192,0.35095,-0.40807,0.49197,83.05,22.509,5.9693,2.9262,1.3316
5.4832e-08,-1.7484,1.1924,0.35179,-0.40681,0.49205,83.075,22.473,5.9761,2.9256,1.331
5.4805e-08,-1.754,1.1929,0.35319,-0.40505,0.49213,83.099,22.437,5.9829,2.925,1.3305
5.4779e-08,-1.7579,1.1931,0.35435,-0.40419,0.49221,83.124,22.4,5.9895,2.9244,1.3299
5.4753e-08,-1.76,1.1937,0.35455,-0.40278,0.49229,83.149,22.364,5.9961,2.9238,1.3294
5.4728e-08,-1.7616,1.1942,0.35436,-0.40144,0.49237,83.174,22.327,6.0027,2.9231,1.3288
5.4704e-08,-1.7623,1.1959,0.35414,-0.40034,0.49245,83.199,22.291,6.0092,2.9225,1.3282
5.4681e-08,-1.7609,1.1964,0.35362,-0.39939,0.49253,83.223,22.254,6.0156,2.9219,1.3277
5.4659e-08,-1.7596,1.1967,0.35274,-0.39844,0.49262,83.248,22.217,6.022,2.9212,1.3271
5.4637e-08,-1.7584,1.1967,0.35152,-0.39702,0.4927,83.273,22.181,6.0283,2.9206,1.3265
5.4617e-08,-1.7568,1.1966,0.34983,-0.39542,0.49279,83.297,22.144,6.0346,2.9199,1.3259
5.4597e-08,-1.7554,1.1962,0.34852,-0.39451,0.49287,83.322,22.107,6.0408,2.9192,1.3254
5.4578e-08,-1.7543,1.1965,0.3472,-0.39307,0.49296,83.347,22.07,6.047,2.9185,1.3248
5.4559e-08,-1.7537,1.1962,0.34631,-0.39194,0.49304,83.371,22.033,6.0531,2.9178,1.3242
5.4542e-08,-1.7535,1.1958,0.34533,-0.39155,0.49313,83.396,21.996,6.0591,2.9171,1.3236
5.4525e-08,-1.7527,1.1952,0.34379,-0.3901,0.49322,83.42,21.96,6.0651,2.9164,1.323
5.4509e-08,-1.7525,1.1951,0.34248,-0.38872,0.49331,83.445,21.923,6.0711,2.9157,1.3224
5.4494e-08,-1.7515,1.1945,0.34149,-0.38741,0.4934,83.469,21.886,6.077,2.915,1.3218
5.448e-08,-1.752,1.202,0.33934,-0.38669,0.49349,83.494,21.849,6.0829,2.9143,1.3212
5.4466e-08,-1.7507,1.1946,0.33799,-0.38525,0.49358,83.518,21.812,6.0888,2.9135,1.3206
5.4453e-08,-1.7515,1.2008,0.33727,-0.38481,0.49367,83.543,21.775,6.0946,2.9128,1.32
5.4441e-08,-1.7538,1.2004,0.33669,-0.38385,0.49376,83.567,21.738,6.1003,2.912,1.3194
5.443e-08,-1.7554,1.2002,0.33649,-0.38281,0.49386,83.592,21.701,6.1061,2.9113,1.3188
5.4419e-08,-1.7575,1.1994,0.33584,-0.38292,0.49395,83.616,21.664,6.1117,2.9105,1.3182
5.4409e-08,-1.7603,1.194,0.33518,-0.38208,0.49404,83.64,21.627,6.1174,2.9097,1.3175
5.44e-08,-1.7635,1.1936,0.33477,-0.38143,0.49414,83.665,21.59,6.123,2.9089,1.3169
5.4391e-08,-1.7667,1.1975,0.3353,-0.38051,0.49423,83.689,21.553,6.1286,2.9081,1.3163
5.4384e-08,-1.7709,1.1967,0.33505,-0.37977,0.49433,83.713,21.516,6.1342,2.9073,1.3157
5.4377e-08,-1.7755,1.1937,0.33475,-0.37808,0.49443,83.737,21.479,6.1397,2.9065,1.3151
5.437e-08,-1.7805,1.1935,0.33506,-0.37818,0.49453,83.762,21.442,6.1452,2.9057,1.3144
5.4365e-08,-1.7855,1.1923,0.33431,-0.37822,0.49462,83.786,21.405,6.1507,2.9049,1.3138
5.436e-08,-1.791,1.1914,0.33414,-0.37755,0.49472,83.81,21.368,6.1562,2.9041,1.3132
5.4356e-08,-1.7984,1.1921,0.33424,-0.37604,0.49482,83.834,21.332,6.1617,2.9032,1.3126
5.4352e-08,-1.8059,1.1907,0.33401,-0.37555,0.49492,83.858,21.295,6.1671,2.9024,1.3119
5.4349e-08,-1.815,1.1878,0.33512,-0.37485,0.49502,83.883,21.258,6.1725,2.9015,1.3113
5.4347e-08,-1.8243,1.1851,0.33499,-0.37507,0.49512,83.907,21.221,6.1779,2.9007,1.3107
5.4346e-08,-1.8335,1.1852,0.33539,-0.37344,0.49522,83.931,21.185,6.1833,2.8998,1.31
5.4345e-08,-1.8432,1.1841,0.33532,-0.3722,0.49533,83.955,21.148,6.1887,2.899,1.3094
5.4345e-08,-1.8536,1.1828,0.33535,-0.37207,0.49543,83.979,21.111,6.1941,2.8981,1.3087
5.4345e-08,-1.8644,1.1836,0.33541,-0.37308,0.49553,84.003,21.075,6.1995,2.8972,1.3081
5.4347e-08,-1.8749,1.181,0.33611,-0.3711,0.49564,84.027,21.038,6.2048,2.8963,1.3075
5.4348e-08,-1.886,1.1791,0.33745,-0.3707,0.49574,84.051,21.002,6.2102,2.8954,1.3068
5.4351e-08,-1.8977,1.1779,0.33793,-0.37024,0.49584,84.075,20.965,6.2155,2.8945,1.3062
5.4354e-08,-1.9098,1.1768,0.33834,-0.3699,0.49595,84.099,20.929,6.2209,2.8936,1.3055
5.4358e-08,-1.9223,1.1757,0.33933,-0.36911,0.49606,84.123,20.893,6.2263,2.8926,1.3049
5.4362e-08,-1.9341,1.1749,0.33998,-0.36833,0.49616,84.147,20.857,6.2316,2.8917,1.3042
5.4367e-08,-1.9469,1.1742,0.34045,-0.36702,0.49627,84.17,20.82,6.237,2.8908,1.3036
5.4373e-08,-1.9588,1.1735,0.34115,-0.36672,0.49638,84.194,20.784,6.2424,2.8898,1.303
5.4379e-08,-1.9695,1.1737,0.34099,-0.36663,0.49648,84.218,20.748,6.2478,2.8889,1.3023
5.4386e-08,-1.9791,1.1729,0.34146,-0.36732,0.49659,84.242,20.712,6.2532,2.8879,1.3017
5.4394e-08,-1.9888,1.1718,0.34205,-0.36596,0.4967,84.266,20.677,6.2587,2.8869,1.301
5.4402e-08,-1.9992,1.1714,0.34155,-0.3637,0.49681,84.289,20.641,6.2641,2.886,1.3004
5.4411e-08,-2.009,1.1715,0.34149,-0.36315,0.49692,84.313,20.605,6.2696,2.885,1.2997
5.442e-08,-2.0168,1.1715,0.34145,-0.36274,0.49703,84.337,20.569,6.2751,2.884,1.2991
5.443e-08,-2.0236,1.1717,0.3411,-0.36247,0.49714,84.36,20.534,6.2806,2.883,1.2984
5.4441e-08,-2.0299,1.172,0.34063,-0.3616,0.49725,84.384,20.498,6.2861,2.882,1.2978
5.4452e-08,-2.0348,1.1726,0.34063,-0.36157,0.49736,84.408,20.463,6.2917,2.881,1.2971
5.4464e-08,-2.0394,1.173,0.34057,-0.3619,0.49747,84.431,20.428,6.2973,2.8799,1.2965
5.4476e-08,-2.0432,1.1736,0.34089,-0.36233,0.49758,84.455,20.393,6.3029,2.8789,1.2958
5.4489e-08,-2.0461,1.1744,0.34131,-0.36259,0.49769,84.479,20.358,6.3086,2.8779,1.2952
5.4502e-08,-2.0494,1.175,0.34073,-0.36341,0.4978,84.502,20.323,6.3143,2.8768,1.2945
5.4516e-08,-2.0531,1.1761,0.3399,-0.36428,0.49792,84.526,20.288,6.32,2.8758,1.2939
5.4531e-08,-2.0562,1.1768,0.33879,-0.36513,0.49803,84.549,20.253,6.3258,2.8747,1.2932
5.4546e-08,-2.0586,1.1778,0.33796,-0.36552,0.49814,84.573,20.219,6.3316,2.8737,1.2926
5.4562e-08,-2.0597,1.1787,0.33642,-0.36624,0.49826,84.596,20.184,6.3375,2.8726,1.2919
5.4578e-08,-2.0598,1.1798,0.33639,-0.36671,0.49837,84.62,20.15,6.3434,2.8715,1.2913
5.4595e-08,-2.0581,1.1813,0.33725,-0.36705,0.49848,84.643,20.116,6.3494,2.8704,1.2906
5.4613e-08,-2.0551,1.1832,0.33906,-0.36721,0.4986,84.666,20.081,6.3554,2.8693,1.29
5.4631e-08,-2.052,1.1848,0.34008,-0.36775,0.49871,84.69,20.047,6.3615,2.8682,1.2893
5.4649e-08,-2.0488,1.1862,0.34025,-0.36794,0.49883,84.713,20.013,6.3676,2.8671,1.2887
5.4668e-08,-2.0468,1.1876,0.33989,-0.36792,0.49894,84.736,19.98,6.3738,2.866,1.2881
5.4688e-08,-2.0442,1.1889,0.33901,-0.36781,0.49905,84.76,19.946,6.3801,2.8649,1.2874
5.4708e-08,-2.0409,1.1906,0.33808,-0.36765,0.49917,84.783,19.913,6.3864,2.8637,1.2868
5.4728e-08,-2.0377,1.1925,0.33748,-0.36754,0.49928,84.806,19.879,6.3928,2.8626,1.2861
5.475e-08,-2.0337,1.1949,0.33651,-0.36732,0.4994,84.83,19.846,6.3992,2.8615,1.2855
5.4771e-08,-2.0302,1.1968,0.33628,-0.36734,0.49952,84.853,19.813,6.4057,2.8603,1.2849
5.4794e-08,-2.026,1.1993,0.33582,-0.36726,0.49963,84.876,19.78,6.4123,2.8591,1.2842
5.4816e-08,-2.0218,1.2018,0.33517,-0.3671,0.49975,84.899,19.747,6.419,2.858,1.2836
5.484e-08,-2.0181,1.2045,0.33474,-0.3671,0.49986,84.922,19.715,6.4257,2.8568,1.2829
5.4863e-08,-2.0131,1.2074,0.3343,-0.36702,0.49998,84.945,19.682,6.4325,2.8556,1.2823
5.4888e-08,-2.0089,1.2104,0.33367,-0.36696,0.5001,84.969,19.65,6.4394,2.8544,1.2817
5.4913e-08,-2.0049,1.2136,0.33303,-0.36697,0.50021,84.992,19.617,6.4464,2.8532,1.281
5.4938e-08,-2.0017,1.2168,0.33267,-0.36686,0.50033,85.015,19.585,6.4535,2.852,1.2804
5.4964e-08,-1.9983,1.2201,0.33184,-0.36639,0.50044,85.038,19.554,6.4606,2.8508,1.2798
5.499e-08,-1.995,1.223,0.33009,-0.36669,0.50056,85.061,19.522,6.4679,2.8496,1.2792
5.5017e-08,-1.9927,1.2262,0.33001,-0.3663,0.50068,85.084,19.49,6.4752,2.8483,1.2785
5.5044e-08,-1.9914,1.2293,0.33041,-0.3659,0.50079,85.107,19.459,6.4827,2.8471,1.2779
5.5072e-08,-1.9894,1.2321,0.32991,-0.36568,0.50091,85.13,19.428,6.4902,2.8459,1.2773
5.51e-08,-1.9861,1.2352,0.32938,-0.36529,0.50103,85.153,19.397,6.4978,2.8446,1.2767
5.5129e-08,-1.9838,1.2377,0.32928,-0.36465,0.50114,85.175,19.366,6.5055,2.8433,1.2761
5.5158e-08,-1.9816,1.2407,0.32867,-0.36459,0.50126,85.198,19.335,6.5134,2.8421,1.2755
5.5188e-08,-1.9802,1.244,0.32736,-0.36371,0.50138,85.221,19.304,6.5213,2.8408,1.2748
5.5218e-08,-1.9799,1.2465,0.32716,-0.36386,0.50149,85.244,19.274,6.5294,2.8395,1.2742
5.5249e-08,-1.978,1.249,0.32741,-0.36338,0.50161,85.267,19.244,6.5375,2.8382,1.2736
5.528e-08,-1.9782,1.2506,0.3253,-0.3634,0.50172,85.29,19.214,6.5458,2.8369,1.273
5.5312e-08,-1.9781,1.2532,0.32323,-0.36289,0.50184,85.312,19.184,6.5542,2.8356,1.2724
5.5344e-08,-1.9779,1.2555,0.32159,-0.36225,0.50196,85.335,19.154,6.5626,2.8343,1.2718
5.5377e-08,-1.9785,1.258,0.32006,-0.3617,0.50207,85.358,19.125,6.5713,2.8329,1.2712
5.541e-08,-1.9781,1.2603,0.31792,-0.36101,0.50219,85.381,19.095,6.58,2.8316,1.2706
5.5443e-08,-1.9778,1.2626,0.3161,-0.36008,0.5023,85.403,19.066,6.5889,2.8303,1.27
5.5477e-08,-1.9781,1.265,0.31424,-0.35909,0.50242,85.426,19.037,6.5978,2.8289,1.2695
5.5512e-08,-1.9778,1.2674,0.31264,-0.35761,0.50254,85.449,19.009,6.607,2.8276,1.2689
5.5547e-08,-1.9778,1.2692,0.31129,-0.35691,0.50265,85.471,18.98,6.6162,2.8262,1.2683
5.5582e-08,-1.9776,1.2705,0.30943,-0.35613,0.50277,85.494,18.952,6.6256,2.8248,1.2677
5.5618e-08,-1.9776,1.2717,0.30782,-0.35538,0.50288,85.517,18.924,6.6351,2.8234,1.2671
5.5655e-08,-1.9775,1.2729,0.30636,-0.35503,0.503,85.539,18.896,6.6447,2.822,1.2665
5.5692e-08,-1.977,1.274,0.30522,-0.35463,0.50311,85.562,18.868,6.6545,2.8206,1.266
5.5729e-08,-1.9768,1.275,0.30365,-0.35445,0.50322,85.584,18.841,6.6644,2.8192,1.2654
5.5767e-08,-1.9765,1.2756,0.30291,-0.35376,0.50334,85.607,18.813,6.6745,2.8178,1.2648
5.5805e-08,-1.9745,1.2756,0.30233,-0.35515,0.50345,85.629,18.786,6.6847,2.8164,1.2643
5.5843e-08,-1.9753,1.276,0.30152,-0.35408,0.50356,85.652,18.759,6.6951,2.815,1.2637
5.5883e-08,-1.9754,1.2766,0.30022,-0.3539,0.50368,85.674,18.733,6.7056,2.8135,1.2632
5.5922e-08,-1.976,1.2769,0.29927,-0.35304,0.50379,85.696,18.706,6.7162,2.8121,1.2626
5.5962e-08,-1.9776,1.2771,0.29855,-0.35225,0.5039,85.719,18.68,6.727,2.8106,1.2621
5.6003e-08,-1.9781,1.2767,0.29853,-0.35073,0.50402,85.741,18.654,6.738,2.8092,1.2615
5.6044e-08,-1.9778,1.2765,0.29867,-0.34964,0.50413,85.763,18.628,6.7491,2.8077,1.261
5.6085e-08,-1.977,1.2757,0.29909,-0.34875,0.50424,85.786,18.602,6.7604,2.8062,1.2604
5.6127e-08,-1.9765,1.275,0.29953,-0.34835,0.50435,85.808,18.577,6.7718,2.8047,1.2599
5.6169e-08,-1.9761,1.2744,0.30049,-0.34796,0.50446,85.83,18.552,6.7835,2.8032,1.2594
5.6212e-08,-1.9757,1.2735,0.30106,-0.34763,0.50457,85.853,18.527,6.7952,2.8017,1.2588
5.6255e-08,-1.9752,1.2721,0.30137,-0.3465,0.50468,85.875,18.502,6.8072,2.8002,1.2583
5.6299e-08,-1.9749,1.2709,0.30169,-0.34524,0.50479,85.897,18.478,6.8193,2.7987,1.2578
5.6343e-08,-1.9753,1.2696,0.30294,-0.34475,0.5049,85.919,18.453,6.8316,2.7971,1.2573
5.6388e-08,-1.976,1.2684,0.30282,-0.34524,0.50501,85.941,18.429,6.844,2.7956,1.2567
5.6433e-08,-1.976,1.2666,0.30262,-0.34485,0.50512,85.964,18.405,6.8567,2.794,1.2562
5.6478e-08,-1.9761,1.2652,0.30307,-0.34316,0.50522,85.986,18.382,6.8695,2.7925,1.2557
5.6524e-08,-1.9772,1.2638,0.30331,-0.34252,0.50533,86.008,18.358,6.8825,2.7909,1.2552
5.6571e-08,-1.9787,1.2624,0.30343,-0.34191,0.50544,86.03,18.335,6.8956,2.7893,1.2547
5.6617e-08,-1.9805,1.2606,0.30277,-0.34187,0.50554,86.052,18.312,6.909,2.7878,1.2542
5.6665e-08,-1.9824,1.2594,0.3017,-0.3415,0.50565,86.074,18.29,6.9225,2.7862,1.2537
5.6713e-08,-1.9851,1.2576,0.30249,-0.34089,0.50576,86.096,18.267,6.9363,2.7846,1.2533
5.6761e-08,-1.9876,1.2562,0.30213,-0.34079,0.50586,86.118,18.245,6.9502,2.783,1.2528
5.6809e-08,-1.9902,1.254,0.30106,-0.34007,0.50596,86.14,18.223,6.9643,2.7813,1.2523
5.6859e-08,-1.9918,1.2522,0.30045,-0.33975,0.50607,86.162,18.201,6.9786,2.7797,1.2518
5.6908e-08,-1.9935,1.2505,0.29835,-0.3401,0.50617,86.184,18.18,6.9931,2.7781,1.2513
5.6958e-08,-1.9949,1.2489,0.29974,-0.34025,0.50627,86.206,18.159,7.0078,2.7764,1.2509
5.7009e-08,-1.997,1.2465,0.29879,-0.33902,0.50638,86.228,18.138,7.0227,2.7748,1.2504
5.706e-08,-1.9992,1.244,0.2967,-0.33879,0.50648,86.25,18.117,7.0378,2.7731,1.25
5.7111e-08,-2.0016,1.2418,0.29546,-0.33805,0.50658,86.271,18.097,7.0531,2.7715,1.2495
5.7163e-08,-2.0031,1.2396,0.29471,-0.3371,0.50668,86.293,18.076,7.0686,2.7698,1.2491
5.7216e-08,-2.0066,1.2372,0.2934,-0.33668,0.50678,86.315,18.056,7.0843,2.7681,1.2486
5.7269e-08,-2.0093,1.235,0.29172,-0.33625,0.50687,86.337,18.037,7.1003,2.7664,1.2482
5.7322e-08,-2.012,1.2329,0.29046,-0.33612,0.50697,86.359,18.017,7.1164,2.7647,1.2477
5.7376e-08,-2.0142,1.2309,0.28867,-0.33646,0.50707,86.38,17.998,7.1328,2.763,1.2473
5.743e-08,-2.0168,1.2287,0.2871,-0.33588,0.50717,86.402,17.979,7.1493,2.7613,1.2469
5.7485e-08,-2.0193,1.226,0.28555,-0.33584,0.50726,86.424,17.96,7.1661,2.7595,1.2464
5.754e-08,-2.0214,1.224,0.28349,-0.33642,0.50736,86.445,17.942,7.1831,2.7578,1.246
5.7596e-08,-2.0232,1.2235,0.28157,-0.33775,0.50745,86.467,17.924,7.2003,2.756,1.2456
5.7652e-08,-2.025,1.2238,0.27976,-0.33746,0.50754,86.489,17.906,7.2178,2.7543,1.2452
5.7709e-08,-2.027,1.2228,0.27785,-0.33807,0.50764,86.51,17.888,7.2354,2.7525,1.2448
5.7766e-08,-2.0271,1.222,0.27591,-0.33812,0.50773,86.532,17.871,7.2533,2.7508,1.2444
5.7824e-08,-2.0273,1.2195,0.274,-0.33745,0.50782,86.553,17.854,7.2714,2.749,1.244
5.7882e-08,-2.0269,1.217,0.27157,-0.33761,0.50791,86.575,17.837,7.2897,2.7472,1.2436
5.794e-08,-2.0259,1.2136,0.27015,-0.33766,0.508,86.597,17.82,7.3083,2.7454,1.2432
5.8e-08,-2.0228,1.2109,0.27037,-0.33602,0.50809,86.618,17.804,7.3271,2.7436,1.2428
5.8059e-08,-2.0181,1.2078,0.27109,-0.33646,0.50818,86.64,17.788,7.3461,2.7418,1.2425
5.8119e-08,-2.0146,1.207,0.27236,-0.33735,0.50826,86.661,17.772,7.3654,2.7399,1.2421
5.818e-08,-2.0096,1.2075,0.27488,-0.33783,0.50835,86.682,17.756,7.3849,2.7381,1.2417
5.8241e-08,-2.005,1.2068,0.2777,-0.33812,0.50843,86.704,17.741,7.4046,2.7363,1.2414
5.8303e-08,-1.9994,1.2043,0.28199,-0.33702,0.50852,86.725,17.726,7.4246,2.7344,1.241
5.8365e-08,-1.9949,1.2028,0.28378,-0.33684,0.5086,86.747,17.711,7.4448,2.7326,1.2406
5.8428e-08,-1.9898,1.2015,0.28684,-0.33748,0.50868,86.768,17.697,7.4653,2.7307,1.2403
5.8491e-08,-1.985,1.1991,0.2893,-0.33734,0.50877,86.789,17.683,7.486,2.7288,1.24
5.8555e-08,-1.9801,1.1971,0.29236,-0.33701,0.50885,86.811,17.669,7.5069,2.7269,1.2396
5.8619e-08,-1.974,1.1932,0.29821,-0.33649,0.50893,86.832,17.655,7.5281,2.725,1.2393
5.8684e-08,-1.9677,1.1885,0.30192,-0.33578,0.509,86.853,17.642,7.5495,2.7231,1.2389
5.875e-08,-1.9608,1.1844,0.30542,-0.33359,0.50908,86.875,17.629,7.5712,2.7212,1.2386
5.8815e-08,-1.956,1.1791,0.30775,-0.3326,0.50916,86.896,17.616,7.5932,2.7193,1.2383
5.8882e-08,-1.9523,1.1721,0.30968,-0.33367,0.50923,86.917,17.603,7.6153,2.7174,1.238
5.8949e-08,-1.9474,1.1644,0.31242,-0.33233,0.50931,86.938,17.591,7.6378,2.7155,1.2377
5.9016e-08,-1.9442,1.1566,0.31311,-0.33061,0.50938,86.959,17.579,7.6605,2.7135,1.2374
5.9085e-08,-1.9409,1.1474,0.31422,-0.32781,0.50945,86.981,17.567,7.6834,2.7116,1.2371
5.9153e-08,-1.9392,1.1392,0.31447,-0.32727,0.50953,87.002,17.556,7.7066,2.7096,1.2368
5.9223e-08,-1.9364,1.1303,0.31522,-0.32527,0.5096,87.023,17.545,7.73,2.7076,1.2365
5.9292e-08,-1.9329,1.1222,0.31586,-0.32364,0.50967,87.044,17.534,7.7538,2.7057,1.2362
5.9363e-08,-1.9307,1.1155,0.31594,-0.32254,0.50973,87.065,17.523,7.7777,2.7037,1.2359
5.9434e-08,-1.929,1.1124,0.31601,-0.32135,0.5098,87.086,17.513,7.802,2.7017,1.2356
5.9505e-08,-1.9262,1.1126,0.316,-0.32061,0.50987,87.107,17.503,7.8264,2.6997,1.2354
5.9577e-08,-1.925,1.1165,0.31548,-0.32013,0.50993,87.128,17.493,7.8512,2.6977,1.2351
5.965e-08,-1.9246,1.1228,0.31504,-0.32007,0.50999,87.149,17.484,7.8762,2.6957,1.2348
5.9723e-08,-1.9243,1.1308,0.31469,-0.32003,0.51006,87.17,17.475,7.9015,2.6936,1.2346
5.9797e-08,-1.9243,1.1395,0.31415,-0.32001,0.51012,87.191,17.466,7.927,2.6916,1.2343
5.9872e-08,-1.9242,1.1486,0.31367,-0.31976,0.51018,87.212,17.457,7.9528,2.6896,1.2341
5.9947e-08,-1.9246,1.1581,0.31315,-0.31976,0.51024,87.233,17.449,7.9789,2.6875,1.2338
6.0022e-08,-1.9242,1.1676,0.31356,-0.31995,0.5103,87.254,17.441,8.0052,2.6855,1.2336
6.0099e-08,-1.9238,1.1759,0.31281,-0.31969,0.51035,87.275,17.433,8.0318,2.6834,1.2333
6.0176e-08,-1.9225,1.1832,0.3116,-0.31955,0.51041,87.295,17.426,8.0587,2.6813,1.2331
6.0253e-08,-1.9235,1.1901,0.31064,-0.31891,0.51046,87.316,17.419,8.0858,2.6792,1.2329
6.0332e-08,-1.9225,1.1973,0.30864,-0.31856,0.51051,87.337,17.412,8.1132,2.6772,1.2327
6.041e-08,-1.9216,1.2033,0.3096,-0.31777,0.51057,87.358,17.406,8.1409,2.6751,1.2325
6.049e-08,-1.9209,1.2099,0.30955,-0.31683,0.51062,87.379,17.399,8.1688,2.673,1.2323
6.057e-08,-1.9213,1.2162,0.30977,-0.31665,0.51066,87.399,17.394,8.197,2.6708,1.232
6.0651e-08,-1.9212,1.2215,0.30812,-0.31612,0.51071,87.42,17.388,8.2255,2.6687,1.2318
6.0732e-08,-1.9206,1.2263,0.30802,-0.31518,0.51076,87.441,17.383,8.2543,2.6666,1.2316
6.0815e-08,-1.9202,1.2308,0.30822,-0.31487,0.5108,87.462,17.378,8.2833,2.6645,1.2315
6.0897e-08,-1.9198,1.2349,0.30756,-0.31352,0.51085,87.482,17.373,8.3126,2.6623,1.2313
6.0981e-08,-1.9188,1.239,0.30738,-0.3131,0.51089,87.503,17.368,8.3421,2.6602,1.2311
6.1065e-08,-1.9179,1.2427,0.30722,-0.31219,0.51093,87.523,17.364,8.372,2.658,1.2309
6.115e-08,-1.9161,1.2461,0.30762,-0.31153,0.51097,87.544,17.36,8.4021,2.6559,1.2307
6.1236e-08,-1.915,1.2488,0.30795,-0.31063,0.51101,87.565,17.357,8.4324,2.6537,1.2306
6.1322e-08,-1.9146,1.252,0.30771,-0.30979,0.51105,87.585,17.354,8.4631,2.6515,1.2304
6.1409e-08,-1.9138,1.2551,0.30663,-0.30884,0.51108,87.606,17.351,8.494,2.6493,1.2302
6.1497e-08,-1.9129,1.2577,0.30615,-0.3079,0.51112,87.626,17.348,8.5252,2.6471,1.2301
6.1585e-08,-1.9118,1.2602,0.30592,-0.30649,0.51115,87.647,17.346,8.5566,2.6449,1.2299
6.1674e-08,-1.9106,1.2624,0.30535,-0.30549,0.51118,87.667,17.344,8.5883,2.6427,1.2298
6.1764e-08,-1.9101,1.2645,0.30424,-0.30413,0.51121,87.688,17.342,8.6203,2.6405,1.2297
6.1855e-08,-1.9087,1.2665,0.3038,-0.3033,0.51124,87.708,17.341,8.6526,2.6383,1.2295
6.1946e-08,-1.9074,1.2683,0.30303,-0.30236,0.51127,87.729,17.34,8.6851,2.6361,1.2294
6.2038e-08,-1.9066,1.2699,0.30218,-0.30181,0.51129,87.749,17.339,8.7179,2.6338,1.2293
6.2131e-08,-1.905,1.2715,0.30101,-0.3014,0.51132,87.769,17.338,8.751,2.6316,1.2291
6.2225e-08,-1.9027,1.2731,0.30015,-0.30083,0.51134,87.79,17.338,8.7843,2.6294,1.229
6.232e-08,-1.9008,1.2746,0.30016,-0.30008,0.51136,87.81,17.338,8.8179,2.6271,1.2289
6.2415e-08,-1.8976,1.2759,0.29951,-0.29932,0.51138,87.831,17.339,8.8517,2.6248,1.2288
6.2511e-08,-1.8945,1.2771,0.29878,-0.29875,0.5114,87.851,17.34,8.8859,2.6226,1.2287
6.2608e-08,-1.8909,1.2781,0.2985,-0.29849,0.51142,87.871,17.341,8.9202,2.6203,1.2286
6.2705e-08,-1.888,1.2792,0.29806,-0.29746,0.51143,87.891,17.342,8.9549,2.618,1.2285
6.2804e-08,-1.8844,1.2804,0.29752,-0.29698,0.51144,87.912,17.344,8.9898,2.6157,1.2284
6.2903e-08,-1.8811,1.2822,0.29676,-0.29584,0.51146,87.932,17.346,9.0249,2.6135,1.2283
6.3003e-08,-1.877,1.2835,0.29634,-0.29553,0.51147,87.952,17.348,9.0604,2.6112,1.2282
6.3104e-08,-1.8727,1.2848,0.296,-0.29527,0.51148,87.972,17.35,9.096,2.6089,1.2281
6.3206e-08,-1.8685,1.2858,0.29599,-0.29497,0.51148,87.992,17.353,9.132,2.6065,1.2281
6.3309e-08,-1.8634,1.2862,0.29619,-0.29555,0.51149,88.013,17.357,9.1681,2.6042,1.228
6.3412e-08,-1.8587,1.2875,0.2956,-0.29544,0.5115,88.033,17.36,9.2046,2.6019,1.2279
6.3517e-08,-1.8545,1.2883,0.29588,-0.29447,0.5115,88.053,17.364,9.2412,2.5996,1.2278
6.3622e-08,-1.8491,1.2898,0.29562,-0.29403,0.5115,88.073,17.368,9.2782,2.5973,1.2278
6.3728e-08,-1.843,1.2907,0.29467,-0.29354,0.5115,88.093,17.373,9.3153,2.5949,1.2277
6.3835e-08,-1.8379,1.2914,0.29535,-0.29328,0.5115,88.113,17.377,9.3528,2.5926,1.2277
6.3943e-08,-1.8325,1.294,0.29549,-0.29279,0.51149,88.133,17.383,9.3904,2.5902,1.2276
6.4052e-08,-1.8275,1.2953,0.2957,-0.29271,0.51149,88.153,17.388,9.4283,2.5879,1.2276
6.4162e-08,-1.8224,1.2972,0.29692,-0.29162,0.51148,88.173,17.394,9.4665,2.5855,1.2275
6.4272e-08,-1.8187,1.2983,0.29652,-0.2914,0.51147,88.193,17.4,9.5048,2.5831,1.2275
6.4384e-08,-1.813,1.2998,0.29465,-0.29538,0.51146,88.213,17.406,9.5434,2.5808,1.2275
6.4497e-08,-1.808,1.3008,0.29466,-0.2934,0.51145,88.233,17.413,9.5823,2.5784,1.2274
6.461e-08,-1.8032,1.3039,0.29392,-0.29423,0.51144,88.253,17.42,9.6213,2.576,1.2274
6.4724e-08,-1.7979,1.3052,0.2944,-0.29166,0.51143,88.273,17.427,9.6606,2.5736,1.2274
6.484e-08,-1.7932,1.3068,0.29414,-0.29144,0.51141,88.293,17.435,9.7001,2.5712,1.2274
6.4956e-08,-1.7877,1.3087,0.29502,-0.28996,0.51139,88.313,17.443,9.7398,2.5689,1.2273
6.5074e-08,-1.7833,1.3122,0.29644,-0.28945,0.51137,88.333,17.451,9.7798,2.5665,1.2273
6.5192e-08,-1.7791,1.3137,0.29731,-0.28917,0.51135,88.352,17.46,9.8199,2.5641,1.2273
6.5311e-08,-1.7738,1.3151,0.29777,-0.28808,0.51133,88.372,17.469,9.8603,2.5616,1.2273
6.5432e-08,-1.7721,1.3169,0.29705,-0.2874,0.5113,88.392,17.478,9.9008,2.5592,1.2273
6.5553e-08,-1.7688,1.3182,0.2975,-0.28773,0.51127,88.412,17.488,9.9416,2.5568,1.2273
6.5676e-08,-1.7645,1.3196,0.29804,-0.28772,0.51125,88.432,17.497,9.9826,2.5544,1.2273
6.5799e-08,-1.761,1.3212,0.29754,-0.28765,0.51122,88.451,17.508,10.024,2.552,1.2273
6.5924e-08,-1.758,1.3228,0.29759,-0.28755,0.51118,88.471,17.518,10.065,2.5495,1.2273
6.6049e-08,-1.757,1.3237,0.29591,-0.28649,0.51115,88.491,17.529,10.107,2.5471,1.2273
6.6176e-08,-1.7543,1.325,0.29816,-0.28425,0.51112,88.51,17.54,10.148,2.5447,1.2274
6.6303e-08,-1.752,1.3261,0.29797,-0.28413,0.51108,88.53,17.552,10.19,2.5422,1.2274
6.6432e-08,-1.7484,1.3276,0.30017,-0.28541,0.51104,88.55,17.564,10.232,2.5398,1.2274
6.6562e-08,-1.7459,1.3287,0.30111,-0.28466,0.511,88.569,17.576,10.275,2.5373,1.2274
6.6693e-08,-1.7431,1.33,0.30209,-0.28449,0.51096,88.589,17.588,10.317,2.5349,1.2275
6.6825e-08,-1.7393,1.3303,0.30303,-0.28358,0.51091,88.608,17.601,10.36,2.5324,1.2275
6.6958e-08,-1.7365,1.332,0.30323,-0.28415,0.51087,88.628,17.614,10.402,2.53,1.2275
6.7092e-08,-1.7333,1.3311,0.30312,-0.28371,0.51082,88.648,17.628,10.445,2.5275,1.2276
6.7228e-08,-1.7303,1.3315,0.30382,-0.28359,0.51077,88.667,17.641,10.488,2.5251,1.2276
6.7364e-08,-1.7276,1.3319,0.30427,-0.2839,0.51072,88.687,17.655,10.531,2.5226,1.2276
6.7502e-08,-1.7248,1.3337,0.30499,-0.2828,0.51067,88.706,17.67,10.575,2.5201,1.2277
6.7641e-08,-1.7223,1.3334,0.30554,-0.28354,0.51062,88.726,17.685,10.618,2.5176,1.2277
6.7781e-08,-1.7197,1.334,0.30618,-0.28374,0.51056,88.745,17.7,10.662,2.5152,1.2278
6.7922e-08,-1.7172,1.3333,0.30649,-0.283,0.5105,88.765,17.715,10.705,2.5127,1.2278
6.8065e-08,-1.7147,1.3357,0.30715,-0.28386,0.51044,88.784,17.731,10.749,2.5102,1.2279
6.8208e-08,-1.7125,1.336,0.30784,-0.28372,0.51038,88.803,17.747,10.793,2.5077,1.2279
6.8353e-08,-1.7104,1.3395,0.30858,-0.28455,0.51032,88.823,17.763,10.837,2.5052,1.228
6.8499e-08,-1.7091,1.3378,0.30945,-0.28424,0.51025,88.842,17.78,10.881,2.5027,1.2281
6.8646e-08,-1.7072,1.3385,0.31041,-0.28288,0.51019,88.861,17.797,10.926,2.5003,1.2281
6.8795e-08,-1.7059,1.34,0.311,-0.28224,0.51012,88.881,17.814,10.97,2.4978,1.2282
6.8944e-08,-1.7041,1.3392,0.31204,-0.28112,0.51005,88.9,17.832,11.014,2.4953,1.2283
6.9095e-08,-1.7021,1.3397,0.313,-0.28083,0.50998,88.919,17.85,11.059,2.4928,1.2283
6.9248e-08,-1.7009,1.3408,0.31407,-0.28315,0.5099,88.939,17.868,11.103,2.4903,1.2284
6.9401e-08,-1.6992,1.3408,0.3149,-0.28274,0.50983,88.958,17.887,11.148,2.4878,1.2285
6.9556e-08,-1.6971,1.3405,0.31583,-0.28294,0.50975,88.977,17.906,11.192,2.4853,1.2286
6.9712e-08,-1.6955,1.3404,0.31575,-0.28182,0.50967,88.996,17.925,11.237,2.4828,1.2286
6.9869e-08,-1.6933,1.3403,0.31669,-0.28192,0.50959,89.016,17.945,11.282,2.4803,1.2287
7.0028e-08,-1.6908,1.3402,0.31775,-0.28222,0.50951,89.035,17.965,11.327,2.4778,1.2288
7.0188e-08,-1.6885,1.3399,0.31786,-0.28218,0.50942,89.054,17.985,11.371,2.4752,1.2289
7.035e-08,-1.686,1.3399,0.31806,-0.28117,0.50933,89.073,18.006,11.416,2.4727,1.229
7.0512e-08,-1.6835,1.3386,0.31799,-0.2818,0.50925,89.092,18.027,11.461,2.4702,1.2291
7.0676e-08,-1.6811,1.3376,0.31766,-0.28152,0.50916,89.111,18.048,11.506,2.4677,1.2291
7.0842e-08,-1.6786,1.3372,0.31749,-0.28129,0.50906,89.13,18.07,11.551,2.4652,1.2292
7.1009e-08,-1.6761,1.3369,0.31729,-0.28152,0.50897,89.149,18.092,11.596,2.4627,1.2293
7.1177e-08,-1.6744,1.3363,0.31668,-0.28128,0.50887,89.169,18.114,11.64,2.4602,1.2294
7.1346e-08,-1.6724,1.3353,0.31603,-0.281,0.50878,89.188,18.137,11.685,2.4576,1.2295
7.1517e-08,-1.6707,1.3349,0.31521,-0.28078,0.50868,89.207,18.16,11.73,2.4551,1.2296
7.1689e-08,-1.6689,1.3347,0.31456,-0.28086,0.50858,89.226,18.183,11.775,2.4526,1.2297
7.1863e-08,-1.6677,1.3341,0.31355,-0.28087,0.50847,89.245,18.206,11.819,2.4501,1.2298
7.2038e-08,-1.6661,1.3347,0.31288,-0.281,0.50837,89.264,18.23,11.864,2.4476,1.2299
7.2215e-08,-1.6645,1.335,0.31258,-0.28021,0.50826,89.283,18.255,11.908,2.4451,1.23
7.2393e-08,-1.6625,1.3345,0.31171,-0.28083,0.50816,89.301,18.279,11.953,2.4425,1.2301
7.2573e-08,-1.661,1.334,0.31117,-0.28095,0.50805,89.32,18.304,11.997,2.44,1.2302
7.2754e-08,-1.6608,1.3334,0.30954,-0.28117,0.50793,89.339,18.329,12.041,2.4375,1.2303
7.2936e-08,-1.6594,1.3329,0.30844,-0.28069,0.50782,89.358,18.355,12.086,2.435,1.2304
7.312e-08,-1.6587,1.3323,0.30742,-0.28064,0.50771,89.377,18.381,12.13,2.4325,1.2306
7.3305e-08,-1.6576,1.3316,0.30552,-0.28025,0.50759,89.396,18.407,12.174,2.4299,1.2307
7.3492e-08,-1.6562,1.3294,0.30483,-0.28016,0.50747,89.415,18.434,12.217,2.4274,1.2308
7.3681e-08,-1.6555,1.3269,0.30316,-0.27961,0.50735,89.433,18.461,12.261,2.4249,1.2309
7.3871e-08,-1.6549,1.3271,0.30172,-0.27843,0.50723,89.452,18.488,12.305,2.4224,1.231
7.4062e-08,-1.6538,1.3259,0.29923,-0.27769,0.5071,89.471,18.516,12.348,2.4199,1.2311
7.4255e-08,-1.6521,1.3266,0.29663,-0.27774,0.50698,89.49,18.543,12.391,2.4174,1.2312
7.445e-08,-1.6493,1.3253,0.29471,-0.27564,0.50685,89.509,18.572,12.434,2.4148,1.2313
7.4646e-08,-1.6487,1.3241,0.29243,-0.27445,0.50672,89.527,18.6,12.477,2.4123,1.2315
7.4844e-08,-1.6464,1.3232,0.29066,-0.27188,0.50659,89.546,18.629,12.52,2.4098,1.2316
7.5043e-08,-1.6448,1.3229,0.28892,-0.27226,0.50645,89.565,18.658,12.562,2.4073,1.2317
7.5244e-08,-1.6445,1.3232,0.28735,-0.27237,0.50632,89.583,18.688,12.605,2.4048,1.2318
7.5446e-08,-1.6442,1.3231,0.28621,-0.27144,0.50618,89.602,18.718,12.647,2.4023,1.2319
7.565e-08,-1.6456,1.3229,0.28504,-0.27101,0.50604,89.621,18.748,12.688,2.3998,1.232
7.5856e-08,-1.6475,1.3224,0.28439,-0.27133,0.5059,89.639,18.778,12.73,2.3973,1.2322
7.6063e-08,-1.6481,1.3215,0.28369,-0.27069,0.50576,89.658,18.809,12.771,2.3948,1.2323
7.6272e-08,-1.6504,1.3202,0.28302,-0.27016,0.50562,89.676,18.84,12.812,2.3923,1.2324
7.6482e-08,-1.6531,1.3191,0.28241,-0.26917,0.50547,89.695,18.872,12.853,2.3897,1.2325
7.6694e-08,-1.6564,1.3177,0.28162,-0.26821,0.50533,89.714,18.904,12.894,2.3872,1.2326
7.6908e-08,-1.6601,1.3164,0.28039,-0.26752,0.50518,89.732,18.936,12.934,2.3847,1.2328
7.7123e-08,-1.6655,1.3152,0.28013,-0.26661,0.50503,89.751,18.969,12.974,2.3822,1.2329
7.7341e-08,-1.6703,1.3156,0.2799,-0.26577,0.50487,89.769,19.001,13.014,2.3797,1.233
7.7559e-08,-1.675,1.3145,0.28016,-0.26381,0.50472,89.788,19.034,13.053,2.3773,1.2331
