2.2742e-07,0.27215,1.0262,0.16256,-0.57639,0.43714,73.559,53.449,6.5045,0.97284,1.2199
2.2644e-07,0.28089,1.0282,0.17008,-0.57573,0.43709,73.573,53.418,6.5221,0.96881,1.2261
2.2547e-07,0.039329,1.0299,0.1783,-0.57469,0.43705,73.588,53.388,6.5401,0.96502,1.2325
2.2452e-07,0.049826,1.0314,0.1866,-0.57371,0.437,73.602,53.358,6.5584,0.96145,1.239
2.2359e-07,0.061152,1.0332,0.19478,-0.57239,0.43695,73.617,53.329,6.5771,0.9581,1.2457
2.2267e-07,0.073483,1.0347,0.20263,-0.57155,0.4369,73.631,53.299,6.5962,0.95497,1.2524
2.2176e-07,-0.1643,1.0364,0.21037,-0.5705,0.43685,73.646,53.271,6.6156,0.95205,1.2594
2.2087e-07,-0.1509,1.0381,0.21793,-0.56976,0.4368,73.66,53.242,6.6355,0.94934,1.2664
2.1999e-07,-0.13626,1.0398,0.22439,-0.56848,0.43675,73.675,53.215,6.6557,0.94683,1.2736
2.1912e-07,0.12929,1.0409,0.22827,-0.5682,0.4367,73.689,53.187,6.6763,0.94452,1.2809
2.1827e-07,-0.10707,1.0418,0.23099,-0.56788,0.43665,73.704,53.16,6.6973,0.9424,1.2884
2.1743e-07,-0.090879,1.0436,0.23296,-0.56536,0.43659,73.718,53.133,6.7186,0.94047,1.296
2.1661e-07,-0.32583,1.0439,0.23474,-0.56467,0.43654,73.733,53.107,6.7404,0.93872,1.3037
2.158e-07,-0.3089,1.0457,0.23529,-0.5634,0.43648,73.747,53.08,6.7625,0.93716,1.3116
2.15e-07,-0.2907,1.0478,0.23536,-0.56187,0.43642,73.762,53.055,6.785,0.93578,1.3196
2.1421e-07,-0.27233,1.0492,0.23459,-0.56086,0.43637,73.776,53.029,6.8079,0.93456,1.3278
2.1344e-07,-0.25282,1.0509,0.23339,-0.56004,0.43631,73.791,53.004,6.8312,0.93352,1.3361
2.1268e-07,-0.23231,1.0524,0.23138,-0.55879,0.43625,73.805,52.979,6.8549,0.93264,1.3446
2.1193e-07,-0.21042,1.0538,0.22712,-0.55774,0.43619,73.82,52.954,6.879,0.93193,1.3532
2.1119e-07,-0.18752,1.0553,0.22268,-0.55719,0.43613,73.834,52.93,6.9035,0.93137,1.3619
2.1046e-07,-0.4155,1.056,0.21896,-0.55635,0.43606,73.849,52.905,6.9284,0.93097,1.3709
2.0975e-07,-0.89312,1.057,0.21496,-0.55505,0.436,73.863,52.881,6.9537,0.93073,1.3799
2.0904e-07,-0.86571,1.0593,0.21079,-0.55447,0.43594,73.878,52.857,6.9794,0.93063,1.3891
2.0835e-07,-0.83656,1.061,0.20664,-0.55428,0.43587,73.892,52.834,7.0054,0.93067,1.3985
2.0767e-07,-0.80727,1.0623,0.20259,-0.55343,0.43581,73.907,52.81,7.0319,0.93086,1.408
2.07e-07,-0.77568,1.064,0.19882,-0.5522,0.43574,73.921,52.787,7.0588,0.93118,1.4177
2.0634e-07,-0.49455,1.0652,0.19472,-0.55113,0.43568,73.936,52.764,7.0861,0.93165,1.4275
2.0569e-07,-0.46267,1.0665,0.19041,-0.55075,0.43561,73.95,52.741,7.1138,0.93224,1.4375
2.0505e-07,-0.42797,1.0689,0.18667,-0.55018,0.43554,73.965,52.718,7.1419,0.93296,1.4476
2.0442e-07,-0.39445,1.0704,0.18237,-0.55037,0.43547,73.979,52.695,7.1704,0.93382,1.4579
2.0381e-07,-0.36003,1.0715,0.17629,-0.54858,0.4354,73.994,52.673,7.1993,0.93479,1.4683
2.032e-07,-0.57641,1.0736,0.16892,-0.54867,0.43533,74.008,52.65,7.2286,0.93589,1.479
2.026e-07,-0.54078,1.0757,0.161,-0.54756,0.43526,74.023,52.628,7.2583,0.9371,1.4897
2.0201e-07,-0.50422,1.0778,0.15179,-0.54702,0.43519,74.037,52.605,7.2884,0.93843,1.5007
2.0143e-07,-0.71887,1.0792,0.14138,-0.54607,0.43512,74.052,52.583,7.319,0.93987,1.5118
2.0086e-07,-0.93379,1.0806,0.12976,-0.54572,0.43505,74.066,52.561,7.3499,0.94142,1.523
2.003e-07,-0.90057,1.0828,0.11921,-0.54471,0.43497,74.081,52.538,7.3813,0.94308,1.5345
1.9975e-07,-0.87048,1.0846,0.10983,-0.54279,0.4349,74.095,52.516,7.4131,0.94484,1.5461
1.992e-07,-0.84535,1.0864,0.10086,-0.54165,0.43482,74.109,52.494,7.4452,0.94671,1.5578
1.9867e-07,-0.8256,1.088,0.093206,-0.54059,0.43475,74.124,52.472,7.4778,0.94867,1.5698
1.9814e-07,-0.8131,1.0893,0.088215,-0.53971,0.43467,74.138,52.45,7.5108,0.95074,1.5819
1.9762e-07,-0.80772,1.0906,0.085016,-0.53865,0.4346,74.153,52.427,7.5443,0.95289,1.5941
1.9712e-07,-0.80839,1.0915,0.085494,-0.53763,0.43452,74.167,52.405,7.5781,0.95514,1.6066
1.9661e-07,-0.81505,1.0929,0.089318,-0.53652,0.43444,74.182,52.383,7.6124,0.95748,1.6192
1.9612e-07,-0.82668,1.0944,0.095353,-0.53568,0.43437,74.196,52.361,7.647,0.9599,1.632
1.9564e-07,-0.84169,1.0955,0.10384,-0.53478,0.43429,74.211,52.338,7.6821,0.96241,1.645
1.9516e-07,-0.8581,1.0964,0.11412,-0.53347,0.43421,74.225,52.316,7.7176,0.96501,1.6581
1.9469e-07,-0.87532,1.0978,0.12544,-0.53246,0.43413,74.239,52.293,7.7535,0.96768,1.6714
1.9423e-07,-0.89133,1.0978,0.135,-0.53156,0.43405,74.254,52.271,7.7898,0.97043,1.6849
1.9378e-07,-0.65616,1.0979,0.1437,-0.53023,0.43397,74.268,52.248,7.8265,0.97326,1.6986
1.9333e-07,-0.67252,1.0971,0.15308,-0.52955,0.43389,74.283,52.225,7.8637,0.97616,1.7124
1.9289e-07,-0.93968,1.0927,0.16053,-0.52939,0.43381,74.297,52.202,7.9012,0.97913,1.7264
1.9246e-07,-0.95548,1.0941,0.16799,-0.52786,0.43373,74.311,52.179,7.9392,0.98218,1.7406
1.9204e-07,-0.97161,1.0919,0.17375,-0.52714,0.43365,74.326,52.156,7.9775,0.98529,1.755
1.9162e-07,-0.98669,1.0908,0.1794,-0.52657,0.43357,74.34,52.133,8.0163,0.98846,1.7695
1.9121e-07,-0.75041,1.0907,0.18414,-0.52613,0.43349,74.355,52.11,8.0555,0.9917,1.7843
1.9081e-07,-0.76489,1.0908,0.18834,-0.525,0.4334,74.369,52.086,8.0951,0.995,1.7992
1.9041e-07,-0.77915,1.0913,0.19207,-0.52373,0.43332,74.383,52.062,8.1351,0.99836,1.8143
1.9002e-07,-0.54231,1.0914,0.19554,-0.52285,0.43324,74.398,52.039,8.1755,1.0018,1.8296
1.8964e-07,-0.55714,1.0911,0.19726,-0.52133,0.43316,74.412,52.015,8.2163,1.0053,1.8451
1.8926e-07,-0.57158,1.0913,0.19868,-0.52042,0.43307,74.426,51.991,8.2575,1.0088,1.8607
1.8889e-07,-0.58529,1.0912,0.19998,-0.5192,0.43299,74.441,51.966,8.2991,1.0124,1.8765
1.8853e-07,-0.59886,1.0912,0.20173,-0.5185,0.4329,74.455,51.942,8.3411,1.016,1.8925
1.8817e-07,-0.61238,1.0911,0.20369,-0.51703,0.43282,74.469,51.917,8.3835,1.0197,1.9087
1.8782e-07,-0.62514,1.0916,0.20617,-0.51634,0.43274,74.484,51.892,8.4263,1.0234,1.9251
1.8748e-07,-0.38656,1.0917,0.20818,-0.51524,0.43265,74.498,51.867,8.4694,1.0272,1.9417
1.8714e-07,-0.40012,1.092,0.21039,-0.51419,0.43257,74.512,51.842,8.513,1.031,1.9585
1.8681e-07,-0.41143,1.0918,0.21244,-0.51339,0.43248,74.527,51.817,8.557,1.0349,1.9754
1.8648e-07,-0.4231,1.0919,0.21475,-0.51268,0.4324,74.541,51.791,8.6013,1.0388,1.9925
1.8616e-07,-0.43385,1.093,0.21703,-0.51137,0.43231,74.555,51.766,8.6461,1.0427,2.0098
1.8585e-07,-0.44318,1.0933,0.21808,-0.51029,0.43223,74.57,51.74,8.6912,1.0467,2.0273
1.8554e-07,-0.45316,1.0932,0.21917,-0.50983,0.43214,74.584,51.714,8.7367,1.0507,2.045
1.8524e-07,-0.46128,1.0932,0.22038,-0.50865,0.43205,74.598,51.687,8.7825,1.0548,2.0629
1.8495e-07,-0.46809,1.0935,0.22028,-0.50781,0.43197,74.612,51.661,8.8288,1.0589,2.0809
1.8466e-07,-0.47402,1.0938,0.21952,-0.50655,0.43188,74.627,51.634,8.8754,1.063,2.0992
1.8437e-07,-0.47956,1.0942,0.21918,-0.50514,0.4318,74.641,51.607,8.9223,1.0672,2.1176
1.8409e-07,-0.9872,1.0951,0.21769,-0.50428,0.43171,74.655,51.58,8.9697,1.0713,2.1362
1.8382e-07,-0.73992,1.095,0.21594,-0.50339,0.43162,74.669,51.553,9.0174,1.0756,2.155
1.8356e-07,-0.74282,1.0955,0.21358,-0.50211,0.43154,74.684,51.526,9.0654,1.0798,2.174
1.8329e-07,-0.49382,1.0955,0.21137,-0.50133,0.43145,74.698,51.498,9.1138,1.0841,2.1932
1.8304e-07,-0.24359,1.0961,0.20791,-0.49988,0.43136,74.712,51.47,9.1625,1.0885,2.2125
1.8279e-07,-0.24371,1.0957,0.20492,-0.49922,0.43128,74.726,51.442,9.2116,1.0928,2.2321
1.8255e-07,-0.24199,1.0964,0.20106,-0.49729,0.43119,74.74,51.414,9.261,1.0972,2.2518
1.8231e-07,-0.23975,1.096,0.19738,-0.49761,0.43111,74.755,51.385,9.3108,1.1016,2.2717
1.8208e-07,-0.23483,1.0969,0.19312,-0.49512,0.43102,74.769,51.357,9.3609,1.106,2.2918
1.8185e-07,-0.22884,1.0976,0.18953,-0.49442,0.43093,74.783,51.328,9.4113,1.1105,2.3121
1.8163e-07,-0.22302,1.0975,0.18574,-0.49373,0.43085,74.797,51.299,9.462,1.115,2.3325
1.8142e-07,-0.21514,1.097,0.18167,-0.49153,0.43076,74.811,51.27,9.5131,1.1195,2.3532
1.8121e-07,-0.20558,1.0968,0.17714,-0.4905,0.43067,74.825,51.241,9.5644,1.1241,2.374
1.81e-07,-0.19445,1.0971,0.17231,-0.48994,0.43059,74.84,51.211,9.6161,1.1287,2.395
1.808e-07,-0.18117,1.0964,0.16774,-0.48889,0.4305,74.854,51.182,9.6681,1.1333,2.4162
1.8061e-07,-0.16752,1.096,0.16511,-0.48791,0.43042,74.868,51.152,9.7203,1.1379,2.4375
1.8043e-07,-0.15266,1.0954,0.16201,-0.48676,0.43033,74.882,51.122,9.7729,1.1426,2.4591
1.8025e-07,-0.38762,1.095,0.15896,-0.48568,0.43025,74.896,51.092,9.8257,1.1473,2.4808
1.8007e-07,-0.36985,1.0943,0.15517,-0.48447,0.43016,74.91,51.062,9.8788,1.152,2.5026
1.799e-07,-0.35099,1.0935,0.15126,-0.48328,0.43008,74.924,51.031,9.9322,1.1568,2.5247
1.7974e-07,-0.33121,1.0928,0.14682,-0.48228,0.42999,74.938,51.001,9.9858,1.1615,2.5469
1.7958e-07,-0.56221,1.0918,0.14335,-0.48079,0.42991,74.952,50.97,10.04,1.1664,2.5693
1.7943e-07,-0.54164,1.091,0.13928,-0.47934,0.42982,74.967,50.94,10.094,1.1712,2.5919
1.7928e-07,-0.52096,1.0902,0.13601,-0.47841,0.42974,74.981,50.909,10.148,1.1761,2.6147
1.7914e-07,-0.75244,1.0891,0.13304,-0.47683,0.42965,74.995,50.878,10.203,1.181,2.6376
1.7901e-07,-0.98453,1.0877,0.13128,-0.4754,0.42957,75.009,50.847,10.258,1.186,2.6607
1.7888e-07,-0.96584,1.0865,0.1308,-0.47381,0.42948,75.023,50.816,10.313,1.191,2.6839
1.7876e-07,-0.94761,1.0856,0.13074,-0.47226,0.4294,75.037,50.785,10.368,1.196,2.7073
1.7864e-07,-0.93182,1.084,0.13076,-0.47217,0.42932,75.051,50.754,10.424,1.2011,2.7309
1.7853e-07,-0.91778,1.0803,0.132,-0.47153,0.42923,75.065,50.723,10.479,1.2062,2.7547
1.7843e-07,-0.90535,1.0795,0.13303,-0.46992,0.42915,75.079,50.691,10.535,1.2114,2.7786
1.7833e-07,-1.1447,1.0811,0.13547,-0.46753,0.42907,75.093,50.66,10.592,1.2166,2.8026
1.7824e-07,-1.1346,1.0759,0.13776,-0.46663,0.42899,75.107,50.629,10.648,1.2219,2.8269
1.7815e-07,-1.1274,1.0694,0.13993,-0.46704,0.42891,75.121,50.597,10.704,1.2272,2.8512
1.7807e-07,-1.1213,1.0662,0.14135,-0.46576,0.42882,75.135,50.566,10.761,1.2325,2.8758
1.78e-07,-0.86541,1.0462,0.1431,-0.46261,0.42874,75.149,50.535,10.818,1.2379,2.9004
1.7793e-07,-0.86148,1.0437,0.14406,-0.4617,0.42866,75.163,50.503,10.875,1.2434,2.9253
1.7787e-07,-0.60751,1.0417,0.14524,-0.46099,0.42858,75.177,50.472,10.932,1.2489,2.9502
1.7782e-07,-0.60645,1.04,0.14652,-0.4612,0.4285,75.19,50.441,10.989,1.2545,2.9754
1.7777e-07,-0.60567,1.0385,0.14778,-0.46042,0.42842,75.204,50.41,11.046,1.2601,3.0006
1.7773e-07,-0.60652,1.0369,0.14781,-0.4588,0.42834,75.218,50.378,11.104,1.2659,3.026
1.7769e-07,-0.60809,1.0359,0.14899,-0.45779,0.42826,75.232,50.347,11.161,1.2716,3.0516
1.7767e-07,-0.60994,1.0353,0.14954,-0.45709,0.42819,75.246,50.316,11.219,1.2775,3.0773
1.7764e-07,-0.61285,1.0346,0.15039,-0.45684,0.42811,75.26,50.285,11.277,1.2834,3.1031
1.7763e-07,-0.61752,1.0339,0.15178,-0.45714,0.42803,75.274,50.254,11.335,1.2894,3.129
1.7762e-07,-0.62208,1.0339,0.15322,-0.45695,0.42795,75.288,50.223,11.393,1.2954,3.1551
1.7762e-07,-0.37582,1.0343,0.15514,-0.45697,0.42788,75.302,50.193,11.45,1.3016,3.1813
1.7763e-07,-0.38125,1.0352,0.15726,-0.45657,0.4278,75.315,50.162,11.508,1.3078,3.2077
1.7764e-07,-0.38822,1.037,0.15845,-0.45678,0.42772,75.329,50.131,11.567,1.3141,3.2341
1.7766e-07,-0.39481,1.0395,0.1623,-0.45701,0.42765,75.343,50.101,11.625,1.3205,3.2607
1.7769e-07,-0.40329,1.0424,0.16537,-0.45709,0.42757,75.357,50.071,11.683,1.327,3.2874
1.7773e-07,-0.41133,1.0455,0.1682,-0.45729,0.4275,75.371,50.041,11.741,1.3336,3.3142
1.7777e-07,-0.41927,1.0488,0.17195,-0.45687,0.42743,75.384,50.011,11.799,1.3403,3.3412
1.7782e-07,-0.42762,1.0521,0.17554,-0.45665,0.42735,75.398,49.982,11.857,1.3471,3.3682
1.7787e-07,-0.43599,1.0564,0.17921,-0.45656,0.42728,75.412,49.952,11.915,1.354,3.3954
1.7794e-07,-0.44557,1.0605,0.18305,-0.45624,0.42721,75.426,49.923,11.973,1.361,3.4226
1.7801e-07,-0.45568,1.0645,0.18805,-0.45598,0.42714,75.44,49.894,12.032,1.3682,3.45
1.7809e-07,-0.46589,1.0686,0.19263,-0.45554,0.42707,75.453,49.865,12.09,1.3754,3.4774
1.7818e-07,-0.4747,1.0727,0.19758,-0.45496,0.427,75.467,49.837,12.148,1.3828,3.505
1.7827e-07,-0.48451,1.0772,0.20138,-0.4544,0.42693,75.481,49.808,12.205,1.3903,3.5326
1.7837e-07,-0.49501,1.0818,0.20572,-0.45385,0.42686,75.494,49.78,12.263,1.3979,3.5603
1.7848e-07,-0.50469,1.0868,0.20988,-0.45298,0.42679,75.508,49.752,12.321,1.4057,3.5881
1.786e-07,-0.5143,1.0991,0.21458,-0.45325,0.42672,75.522,49.725,12.379,1.4136,3.616
1.7873e-07,-0.52368,1.1203,0.21827,-0.4522,0.42665,75.535,49.698,12.436,1.4216,3.644
1.7886e-07,-0.5325,1.1282,0.2204,-0.45042,0.42659,75.549,49.671,12.494,1.4298,3.6721
1.79e-07,-0.54094,1.1372,0.22192,-0.44717,0.42652,75.563,49.644,12.551,1.4381,3.7002
1.7916e-07,-0.54929,1.1466,0.22334,-0.44342,0.42645,75.576,49.618,12.608,1.4466,3.7284
1.7931e-07,-0.55768,1.155,0.22382,-0.44096,0.42639,75.59,49.592,12.665,1.4553,3.7567
1.7948e-07,-0.31419,1.1622,0.22177,-0.43734,0.42632,75.604,49.567,12.722,1.4641,3.785
1.7966e-07,-0.32208,1.1677,0.22032,-0.4352,0.42626,75.617,49.542,12.779,1.4731,3.8134
1.7984e-07,-0.58072,1.1748,0.22019,-0.43244,0.4262,75.631,49.517,12.836,1.4822,3.8418
1.8003e-07,-0.58791,1.1765,0.21888,-0.4321,0.42613,75.645,49.492,12.892,1.4915,3.8703
1.8024e-07,-0.59541,1.1868,0.21775,-0.43081,0.42607,75.658,49.468,12.948,1.5011,3.8988
1.8045e-07,-0.6029,1.1905,0.21598,-0.42895,0.42601,75.672,49.445,13.004,1.5108,3.9274
1.8066e-07,-0.6105,1.1903,0.2125,-0.42821,0.42595,75.685,49.422,13.06,1.5207,3.956
1.8089e-07,-0.61935,1.1988,0.20781,-0.42687,0.42589,75.699,49.399,13.116,1.5308,3.9847
1.8113e-07,-0.62743,1.198,0.20123,-0.42532,0.42583,75.712,49.377,13.171,1.5411,4.0134
1.8137e-07,-0.63626,1.2045,0.19548,-0.42286,0.42578,75.726,49.355,13.226,1.5516,4.0421
1.8163e-07,-0.6453,1.2118,0.19068,-0.42006,0.42572,75.739,49.333,13.281,1.5623,4.0708
1.8189e-07,-0.4041,1.219,0.18549,-0.41736,0.42566,75.753,49.312,13.336,1.5732,4.0996
1.8217e-07,-0.41483,1.229,0.18097,-0.41222,0.42561,75.766,49.292,13.39,1.5844,4.1283
1.8245e-07,-0.42662,1.258,0.17696,-0.40481,0.42555,75.78,49.272,13.444,1.5958,4.1571
1.8274e-07,-0.43892,1.2723,0.17273,-0.40029,0.4255,75.793,49.252,13.498,1.6074,4.1859
1.8304e-07,-0.45209,1.2904,0.17001,-0.39352,0.42544,75.807,49.233,13.551,1.6193,4.2147
1.8335e-07,-0.46479,1.2947,0.16862,-0.39137,0.42539,75.82,49.214,13.604,1.6314,4.2435
1.8367e-07,-0.47713,1.299,0.1676,-0.38883,0.42534,75.834,49.196,13.657,1.6437,4.2723
1.84e-07,-0.48923,1.3028,0.16712,-0.38809,0.42529,75.847,49.179,13.71,1.6564,4.301
1.8434e-07,-0.5001,1.3053,0.16714,-0.38811,0.42524,75.861,49.162,13.762,1.6693,4.3298
1.8469e-07,-0.51165,1.309,0.16671,-0.38705,0.42519,75.874,49.145,13.814,1.6824,4.3585
1.8504e-07,-0.52269,1.3107,0.16803,-0.38598,0.42514,75.887,49.129,13.865,1.6958,4.3872
1.8541e-07,-0.53123,1.3139,0.17067,-0.38471,0.42509,75.901,49.114,13.916,1.7095,4.4158
1.8579e-07,-0.53904,1.3176,0.17333,-0.38334,0.42505,75.914,49.099,13.967,1.7235,4.4445
1.8618e-07,-0.79706,1.3215,0.17626,-0.38168,0.425,75.928,49.085,14.018,1.7378,4.4731
1.8657e-07,-0.80277,1.3246,0.17948,-0.37938,0.42495,75.941,49.071,14.068,1.7524,4.5016
1.8698e-07,-0.80769,1.3274,0.18276,-0.37863,0.42491,75.954,49.058,14.117,1.7673,4.5301
1.874e-07,-0.81153,1.3303,0.18641,-0.37732,0.42487,75.968,49.046,14.166,1.7825,4.5585
1.8783e-07,-0.56308,1.3325,0.19101,-0.377,0.42482,75.981,49.034,14.215,1.798,4.5869
1.8827e-07,-0.56354,1.3353,0.19515,-0.37723,0.42478,75.994,49.022,14.263,1.8138,4.6152
1.8871e-07,-0.8154,1.3369,0.19964,-0.37669,0.42474,76.008,49.012,14.311,1.83,4.6434
1.8917e-07,-0.56442,1.3414,0.20409,-0.38306,0.4247,76.021,49.002,14.359,1.8464,4.6715
1.8964e-07,-0.56464,1.3436,0.20702,-0.38272,0.42466,76.034,48.992,14.406,1.8633,4.6996
1.9012e-07,-0.56441,1.3453,0.20966,-0.38284,0.42463,76.047,48.983,14.453,1.8805,4.7275
1.9061e-07,-0.31238,1.3468,0.21146,-0.38268,0.42459,76.061,48.975,14.499,1.898,4.7554
1.9111e-07,-0.3108,1.3484,0.21308,-0.38267,0.42455,76.074,48.967,14.544,1.9159,4.7831
1.9162e-07,-0.30858,1.3501,0.21436,-0.38285,0.42452,76.087,48.96,14.589,1.9341,4.8108
1.9214e-07,-0.30571,1.3509,0.21476,-0.38279,0.42448,76.1,48.954,14.634,1.9528,4.8383
1.9267e-07,-0.30365,1.3513,0.21517,-0.3836,0.42445,76.114,48.948,14.678,1.9718,4.8657
1.9322e-07,-0.55114,1.3519,0.21603,-0.38478,0.42442,76.127,48.943,14.722,1.9912,4.893
1.9377e-07,-0.5471,1.3496,0.21554,-0.38487,0.42439,76.14,48.939,14.765,2.0109,4.9201
1.9433e-07,-0.54317,1.338,0.21132,-0.38608,0.42436,76.153,48.935,14.808,2.0311,4.9471
1.9491e-07,-0.54008,1.3313,0.20691,-0.38587,0.42433,76.166,48.932,14.85,2.0517,4.974
1.9549e-07,-0.53631,1.331,0.20096,-0.38624,0.4243,76.179,48.93,14.892,2.0727,5.0007
1.9609e-07,-0.53072,1.33,0.19606,-0.38677,0.42427,76.193,48.928,14.933,2.0941,5.0272
1.9669e-07,-0.5248,1.3299,0.19054,-0.38703,0.42425,76.206,48.927,14.974,2.1159,5.0535
1.9731e-07,-0.5194,1.329,0.18555,-0.38789,0.42422,76.219,48.927,15.014,2.1381,5.0797
1.9794e-07,-0.51355,1.3281,0.18046,-0.38825,0.4242,76.232,48.927,15.053,2.1608,5.1057
1.9858e-07,-0.5071,1.329,0.17716,-0.38896,0.42417,76.245,48.928,15.092,2.1839,5.1315
1.9923e-07,-0.49923,1.3309,0.17524,-0.38948,0.42415,76.258,48.93,15.13,2.2074,5.1571
1.9989e-07,-0.49159,1.3322,0.17235,-0.39,0.42413,76.271,48.932,15.168,2.2314,5.1826
2.0056e-07,-0.48438,1.3337,0.17001,-0.39029,0.42411,76.284,48.935,15.206,2.2559,5.2078
2.0124e-07,-0.47727,1.3352,0.16715,-0.39054,0.42409,76.297,48.939,15.242,2.2808,5.2327
2.0193e-07,-0.47032,1.3363,0.16459,-0.39097,0.42407,76.31,48.944,15.278,2.3062,5.2575
2.0264e-07,-0.46307,1.3372,0.16186,-0.39137,0.42406,76.323,48.949,15.314,2.332,5.282
2.0335e-07,-0.45556,1.3381,0.15975,-0.39212,0.42404,76.336,48.955,15.349,2.3584,5.3063
2.0408e-07,-0.4483,1.3388,0.15753,-0.39244,0.42403,76.349,48.961,15.383,2.3852,5.3303
2.0482e-07,-0.18927,1.3394,0.1556,-0.39286,0.42401,76.362,48.968,15.417,2.4125,5.3541
2.0556e-07,-0.1807,1.3395,0.15383,-0.39311,0.424,76.375,48.976,15.45,2.4402,5.3776
2.0632e-07,-0.17232,1.3402,0.15254,-0.39444,0.42399,76.388,48.985,15.482,2.4685,5.4008
2.0709e-07,-0.16383,1.3414,0.15069,-0.39443,0.42398,76.401,48.994,15.514,2.4973,5.4237
2.0787e-07,-0.15523,1.3411,0.14854,-0.39436,0.42397,76.414,49.004,15.546,2.5265,5.4464
2.0866e-07,-0.14665,1.3414,0.14727,-0.39473,0.42396,76.427,49.015,15.576,2.5563,5.4688
2.0946e-07,-0.13811,1.3413,0.14653,-0.39516,0.42395,76.44,49.026,15.606,2.5866,5.4908
2.1027e-07,-0.12984,1.3412,0.14601,-0.39478,0.42395,76.453,49.038,15.636,2.6174,5.5126
2.111e-07,-0.1214,1.3414,0.1456,-0.39455,0.42394,76.466,49.051,15.665,2.6487,5.534
2.1193e-07,-0.36455,1.3419,0.14644,-0.39511,0.42394,76.479,49.065,15.693,2.6805,5.5551
2.1277e-07,-0.35629,1.3423,0.14849,-0.3949,0.42394,76.492,49.079,15.72,2.7129,5.5758
2.1363e-07,-0.34875,1.3428,0.15143,-0.39508,0.42394,76.505,49.094,15.747,2.7457,5.5962
2.1449e-07,-0.34209,1.3431,0.15491,-0.3956,0.42394,76.517,49.109,15.774,2.7791,5.6163
2.1537e-07,-0.33495,1.3427,0.15766,-0.39551,0.42394,76.53,49.125,15.799,2.813,5.636
2.1626e-07,-0.32817,1.343,0.16125,-0.39549,0.42394,76.543,49.142,15.824,2.8474,5.6553
2.1715e-07,-0.57355,1.3426,0.16418,-0.39487,0.42394,76.556,49.16,15.848,2.8824,5.6742
2.1806e-07,-0.5675,1.3422,0.16757,-0.39516,0.42395,76.569,49.178,15.872,2.9179,5.6928
2.1898e-07,-0.81448,1.3416,0.17114,-0.39517,0.42396,76.581,49.197,15.895,2.9539,5.711
2.199e-07,-1.0618,1.3412,0.17512,-0.39511,0.42396,76.594,49.217,15.918,2.9904,5.7287
2.2084e-07,-1.0583,1.3403,0.1783,-0.39485,0.42397,76.607,49.237,15.939,3.0274,5.7461
2.2179e-07,-1.0564,1.3384,0.18346,-0.39514,0.42398,76.62,49.258,15.96,3.065,5.763
2.2275e-07,-1.0529,1.3388,0.18744,-0.39571,0.42399,76.633,49.28,15.981,3.1031,5.7795
2.2371e-07,-1.0492,1.338,0.19084,-0.3959,0.424,76.645,49.302,16.001,3.1417,5.7955
2.2469e-07,-1.0465,1.3373,0.19445,-0.39562,0.42402,76.658,49.325,16.02,3.1808,5.8112
2.2568e-07,-1.0452,1.3362,0.19802,-0.39562,0.42403,76.671,49.349,16.038,3.2204,5.8263
2.2667e-07,-1.0444,1.335,0.20178,-0.39571,0.42405,76.683,49.373,16.056,3.2605,5.841
2.2768e-07,-1.043,1.3339,0.20383,-0.39582,0.42406,76.696,49.398,16.073,3.3011,5.8553
2.287e-07,-1.0429,1.3324,0.20594,-0.39596,0.42408,76.709,49.424,16.09,3.3423,5.869
2.2972e-07,-1.0429,1.3307,0.20766,-0.39615,0.4241,76.721,49.45,16.106,3.3838,5.8823
2.3075e-07,-1.0435,1.329,0.20872,-0.39607,0.42412,76.734,49.477,16.121,3.4259,5.8951
2.318e-07,-1.0432,1.3269,0.208,-0.39659,0.42414,76.747,49.505,16.135,3.4685,5.9073
2.3285e-07,-1.0425,1.3248,0.20602,-0.39682,0.42417,76.759,49.533,16.149,3.5115,5.9191
2.3391e-07,-1.0417,1.3228,0.20366,-0.39702,0.42419,76.772,49.562,16.162,3.5549,5.9304
2.3498e-07,-1.041,1.3211,0.20088,-0.39664,0.42422,76.785,49.591,16.175,3.5988,5.9411
2.3606e-07,-1.0407,1.3199,0.1977,-0.3963,0.42425,76.797,49.621,16.187,3.6432,5.9513
2.3714e-07,-1.0404,1.3186,0.19494,-0.39606,0.42427,76.81,49.652,16.198,3.6879,5.961
2.3824e-07,-1.0411,1.3172,0.19154,-0.39623,0.4243,76.822,49.684,16.209,3.7331,5.9701
2.3934e-07,-1.0409,1.3165,0.18913,-0.39599,0.42433,76.835,49.716,16.219,3.7787,5.9787
2.4045e-07,-1.0416,1.3161,0.18752,-0.39537,0.42437,76.848,49.748,16.228,3.8246,5.9867
2.4157e-07,-0.79024,1.316,0.18558,-0.39496,0.4244,76.86,49.781,16.237,3.8709,5.9942
2.427e-07,-0.53873,1.3164,0.18338,-0.39422,0.42443,76.873,49.815,16.245,3.9176,6.0011
2.4383e-07,-0.53899,1.3169,0.18167,-0.39382,0.42447,76.885,49.849,16.252,3.9646,6.0074
2.4498e-07,-0.53926,1.3175,0.18033,-0.39333,0.42451,76.898,49.884,16.259,4.012,6.0131
2.4612e-07,-0.53901,1.3195,0.179,-0.392,0.42455,76.91,49.92,16.265,4.0596,6.0183
2.4728e-07,-0.53896,1.3208,0.17805,-0.39158,0.42459,76.923,49.956,16.271,4.1076,6.0228
2.4844e-07,-0.53883,1.3228,0.17776,-0.39086,0.42463,76.935,49.993,16.276,4.1558,6.0268
2.4961e-07,-0.78976,1.3251,0.17831,-0.38991,0.42467,76.948,50.03,16.28,4.2042,6.0301
2.5079e-07,-0.78962,1.3255,0.17902,-0.38997,0.42472,76.96,50.068,16.284,4.2529,6.0329
2.5197e-07,-0.78948,1.3254,0.18083,-0.3902,0.42476,76.972,50.106,16.287,4.3018,6.035
2.5316e-07,-0.78825,1.3262,0.18155,-0.38994,0.42481,76.985,50.145,16.289,4.3508,6.0365
2.5435e-07,-0.78668,1.3273,0.18279,-0.38929,0.42486,76.997,50.184,16.291,4.4001,6.0374
2.5555e-07,-0.78503,1.3278,0.18314,-0.3895,0.42491,77.01,50.224,16.292,4.4494,6.0377
2.5676e-07,-0.78295,1.3284,0.18247,-0.38951,0.42496,77.022,50.265,16.293,4.4989,6.0373
2.5797e-07,-0.78014,1.3279,0.17981,-0.3889,0.42501,77.034,50.306,16.293,4.5485,6.0364
2.5919e-07,-0.77697,1.329,0.17626,-0.38868,0.42506,77.047,50.348,16.292,4.5981,6.0348
2.6041e-07,-0.77334,1.3296,0.17301,-0.38885,0.42512,77.059,50.39,16.291,4.6478,6.0325
2.6163e-07,-0.76828,1.3315,0.16583,-0.38799,0.42517,77.072,50.432,16.289,4.6974,6.0296
2.6286e-07,-0.76312,1.3336,0.15879,-0.38676,0.42523,77.084,50.476,16.287,4.7471,6.0261
2.641e-07,-0.25411,1.3354,0.15139,-0.38566,0.42529,77.096,50.519,16.284,4.7967,6.0219
2.6534e-07,-0.24695,1.3367,0.14251,-0.38415,0.42535,77.109,50.563,16.28,4.8462,6.0171
2.6658e-07,-0.24169,1.3383,0.13617,-0.3823,0.42541,77.121,50.608,16.276,4.8956,6.0117
2.6782e-07,-0.23438,1.3396,0.12747,-0.38177,0.42547,77.133,50.653,16.272,4.9449,6.0056
2.6907e-07,-0.22627,1.3414,0.12016,-0.38086,0.42554,77.145,50.699,16.267,4.994,5.9988
2.7032e-07,-0.21967,1.3425,0.11354,-0.38097,0.4256,77.158,50.745,16.261,5.0429,5.9915
2.7158e-07,0.038141,1.3431,0.10759,-0.38101,0.42567,77.17,50.792,16.255,5.0915,5.9834
2.7284e-07,0.044406,1.3434,0.10282,-0.38147,0.42574,77.182,50.839,16.248,5.1399,5.9748
2.741e-07,0.05011,1.3434,0.099197,-0.38213,0.42581,77.194,50.886,16.24,5.188,5.9655
2.7536e-07,0.056636,1.3426,0.095092,-0.3831,0.42588,77.207,50.934,16.233,5.2357,5.9555
2.7662e-07,0.062905,1.3419,0.090656,-0.38407,0.42595,77.219,50.983,16.224,5.2831,5.9449
2.7789e-07,0.068254,1.3409,0.088343,-0.38514,0.42603,77.231,51.032,16.215,5.3301,5.9337
2.7915e-07,0.072807,1.3395,0.087696,-0.38559,0.4261,77.243,51.081,16.206,5.3766,5.9218
2.8042e-07,0.077209,1.338,0.087712,-0.38609,0.42618,77.255,51.131,16.196,5.4226,5.9093
2.8169e-07,0.33202,1.3361,0.090081,-0.38566,0.42626,77.267,51.181,16.186,5.4682,5.8962
2.8296e-07,0.33586,1.3344,0.092657,-0.38482,0.42634,77.28,51.232,16.175,5.5132,5.8825
2.8423e-07,0.33931,1.3324,0.096732,-0.38455,0.42642,77.292,51.283,16.164,5.5576,5.8681
2.855e-07,0.089495,1.3299,0.10377,-0.38288,0.4265,77.304,51.334,16.152,5.6014,5.8532
2.8677e-07,0.091206,1.3272,0.11242,-0.38114,0.42658,77.316,51.386,16.14,5.6446,5.8376
2.8803e-07,0.09274,1.3248,0.12114,-0.37969,0.42667,77.328,51.438,16.127,5.6871,5.8214
2.893e-07,0.095587,1.3223,0.12969,-0.37719,0.42675,77.34,51.491,16.114,5.7288,5.8046
2.9057e-07,-0.15333,1.32,0.13892,-0.37677,0.42684,77.352,51.544,16.101,5.7698,5.7872
2.9183e-07,-0.15178,1.3174,0.14766,-0.37578,0.42693,77.364,51.598,16.087,5.81,5.7693
2.931e-07,-0.65192,1.3144,0.15565,-0.37472,0.42702,77.376,51.652,16.072,5.8494,5.7507
2.9436e-07,-0.8998,1.3118,0.1636,-0.37407,0.42711,77.388,51.706,16.057,5.888,5.7316
2.9562e-07,-0.89433,1.3088,0.17085,-0.37307,0.42721,77.401,51.761,16.042,5.9256,5.7119
2.9687e-07,-0.88862,1.307,0.17613,-0.37295,0.4273,77.413,51.816,16.027,5.9624,5.6917
2.9813e-07,-1.1351,1.3046,0.18097,-0.37162,0.4274,77.425,51.871,16.011,5.9981,5.6709
2.9938e-07,-1.1286,1.3015,0.18502,-0.37068,0.42749,77.437,51.927,15.994,6.0329,5.6495
3.0063e-07,-1.1225,1.2994,0.18957,-0.37018,0.42759,77.449,51.983,15.978,6.0667,5.6277
3.0187e-07,-1.1164,1.2975,0.19224,-0.37022,0.42769,77.461,52.04,15.961,6.0994,5.6053
3.0311e-07,-1.1094,1.2952,0.1963,-0.36949,0.4278,77.472,52.097,15.943,6.1311,5.5824
3.0435e-07,-1.103,1.2936,0.19908,-0.36914,0.4279,77.484,52.154,15.926,6.1616,5.559
3.0558e-07,-1.0962,1.2914,0.20063,-0.36838,0.428,77.496,52.212,15.908,6.1911,5.535
3.0681e-07,-1.0899,1.2893,0.20264,-0.36744,0.42811,77.508,52.27,15.89,6.2193,5.5107
3.0804e-07,-1.084,1.287,0.2038,-0.36654,0.42821,77.52,52.328,15.871,6.2464,5.4858
3.0925e-07,-1.0786,1.285,0.20468,-0.36573,0.42832,77.532,52.386,15.852,6.2723,5.4605
3.1047e-07,-1.0726,1.283,0.20535,-0.36481,0.42843,77.544,52.445,15.833,6.2969,5.4347
3.1167e-07,-1.0672,1.281,0.20565,-0.36413,0.42854,77.556,52.505,15.813,6.3203,5.4084
3.1287e-07,-1.0619,1.2791,0.20569,-0.36344,0.42866,77.568,52.564,15.794,6.3425,5.3818
3.1407e-07,-1.056,1.277,0.20453,-0.36282,0.42877,77.58,52.624,15.774,6.3633,5.3547
3.1526e-07,-1.0492,1.2751,0.20281,-0.36193,0.42888,77.592,52.685,15.754,6.3828,5.3272
3.1644e-07,-1.0423,1.2732,0.20069,-0.36094,0.429,77.603,52.745,15.733,6.401,5.2994
3.1762e-07,-1.0357,1.2711,0.19855,-0.36025,0.42912,77.615,52.806,15.713,6.4179,5.2711
3.1878e-07,-1.0293,1.269,0.19634,-0.35956,0.42924,77.627,52.868,15.692,6.4334,5.2425
3.1994e-07,-1.0236,1.267,0.19394,-0.35887,0.42936,77.639,52.929,15.671,6.4475,5.2135
3.211e-07,-1.0173,1.2648,0.1913,-0.35814,0.42948,77.651,52.991,15.65,6.4602,5.1842
3.2224e-07,-1.0111,1.2627,0.18861,-0.35728,0.4296,77.662,53.053,15.628,6.4716,5.1545
3.2338e-07,-1.0055,1.2606,0.18577,-0.35668,0.42973,77.674,53.116,15.607,6.4816,5.1246
3.2451e-07,-0.99956,1.2583,0.18259,-0.35581,0.42985,77.686,53.179,15.585,6.4901,5.0943
3.2563e-07,-0.99115,1.2561,0.17803,-0.35444,0.42998,77.698,53.242,15.563,6.4972,5.0637
3.2674e-07,-0.98324,1.2536,0.17392,-0.35323,0.43011,77.709,53.305,15.541,6.503,5.0329
3.2784e-07,-0.97591,1.2511,0.16951,-0.35198,0.43024,77.721,53.369,15.519,6.5073,5.0018
3.2894e-07,-0.96973,1.2486,0.16472,-0.35087,0.43037,77.733,53.433,15.497,6.5101,4.9704
3.3002e-07,-0.96372,1.2457,0.16026,-0.34962,0.4305,77.745,53.497,15.475,6.5116,4.9388
3.311e-07,-0.9579,1.2428,0.15577,-0.34802,0.43063,77.756,53.562,15.453,6.5116,4.907
3.3216e-07,-0.95291,1.2395,0.15107,-0.34667,0.43077,77.768,53.626,15.431,6.5103,4.875
3.3322e-07,-0.94746,1.2365,0.14698,-0.34566,0.4309,77.78,53.692,15.408,6.5075,4.8428
3.3426e-07,-0.94299,1.2328,0.14185,-0.34367,0.43104,77.791,53.757,15.386,6.5033,4.8104
3.353e-07,-0.93843,1.2295,0.13584,-0.34198,0.43118,77.803,53.823,15.363,6.4977,4.7778
3.3632e-07,-0.93412,1.2255,0.13025,-0.34014,0.43132,77.815,53.889,15.341,6.4908,4.7451
3.3733e-07,-0.92948,1.2213,0.12382,-0.33796,0.43146,77.826,53.955,15.318,6.4824,4.7122
3.3834e-07,-0.67374,1.2169,0.11732,-0.33556,0.4316,77.838,54.021,15.296,6.4727,4.6792
3.3933e-07,-0.66811,1.2125,0.10918,-0.333,0.43175,77.849,54.088,15.274,6.4617,4.6461
3.4031e-07,-0.66168,1.2082,0.1003,-0.33035,0.43189,77.861,54.155,15.251,6.4493,4.6129
3.4128e-07,-0.40309,1.2035,0.090249,-0.32737,0.43204,77.873,54.223,15.229,6.4356,4.5797
3.4223e-07,-0.39644,1.1986,0.078816,-0.32329,0.43219,77.884,54.29,15.207,6.4206,4.5463
3.4318e-07,-0.38984,1.1938,0.065186,-0.31888,0.43233,77.896,54.358,15.185,6.4043,4.5129
3.4411e-07,-0.38195,1.1897,0.050927,-0.31468,0.43248,77.907,54.426,15.162,6.3868,4.4794
3.4504e-07,-0.37246,1.1843,0.036533,-0.30999,0.43263,77.919,54.495,15.14,6.368,4.4459
3.4595e-07,-0.36341,1.1799,0.020938,-0.30717,0.43279,77.93,54.563,15.119,6.348,4.4124
3.4684e-07,-0.354,1.1766,0.0048551,-0.30359,0.43294,77.942,54.632,15.097,6.3269,4.3789
3.4773e-07,-0.34645,1.1728,-0.0098407,-0.29947,0.43309,77.953,54.702,15.075,6.3045,4.3454
3.486e-07,-0.3384,1.1708,-0.024267,-0.29609,0.43325,77.965,54.771,15.054,6.281,4.3119
3.4946e-07,-0.081099,1.1695,-0.0362,-0.29282,0.43341,77.976,54.841,15.033,6.2564,4.2784
3.5031e-07,0.17112,1.1684,-0.045592,-0.29165,0.43357,77.988,54.911,15.012,6.2307,4.245
3.5115e-07,0.16635,1.1688,-0.052085,-0.28895,0.43372,77.999,54.981,14.991,6.2039,4.2116
3.5197e-07,0.15472,1.1697,-0.055634,-0.28629,0.43389,78.011,55.051,14.97,6.1761,4.1783
3.5278e-07,0.13573,1.1703,-0.056889,-0.28615,0.43405,78.022,55.122,14.949,6.1473,4.1451
3.5358e-07,0.10859,1.1732,-0.056422,-0.28324,0.43421,78.034,55.193,14.929,6.1175,4.112
3.5436e-07,0.32754,1.1761,-0.055483,-0.28242,0.43437,78.045,55.265,14.909,6.0868,4.0789
3.5513e-07,0.29028,1.1799,-0.052746,-0.2809,0.43454,78.056,55.336,14.889,6.0551,4.046
3.5589e-07,0.25001,1.1841,-0.047917,-0.2801,0.4347,78.068,55.408,14.87,6.0226,4.0132
3.5663e-07,0.21111,1.1884,-0.042134,-0.27958,0.43487,78.079,55.48,14.851,5.9892,3.9806
3.5736e-07,0.17297,1.1938,-0.034761,-0.27944,0.43504,78.091,55.552,14.832,5.955,3.948
3.5808e-07,0.13691,1.1998,-0.02579,-0.27999,0.43521,78.102,55.625,14.813,5.92,3.9157
3.5879e-07,0.10322,1.2063,-0.015781,-0.28114,0.43538,78.113,55.697,14.795,5.8842,3.8835
3.5948e-07,0.073653,1.2131,-0.00356,-0.28266,0.43555,78.125,55.77,14.777,5.8478,3.8514
3.6015e-07,0.047516,1.2206,0.0077558,-0.28536,0.43572,78.136,55.844,14.759,5.8106,3.8196
3.6082e-07,-0.22741,1.2281,0.019488,-0.28885,0.4359,78.147,55.917,14.742,5.7728,3.7879
3.6147e-07,-0.24731,1.2354,0.031227,-0.2931,0.43607,78.159,55.991,14.725,5.7344,3.7565
3.6211e-07,-0.26608,1.2426,0.042108,-0.29698,0.43625,78.17,56.065,14.709,5.6954,3.7252
3.6273e-07,-0.28219,1.2496,0.051885,-0.29968,0.43643,78.181,56.139,14.693,5.6558,3.6942
3.6334e-07,-0.29609,1.256,0.061886,-0.30223,0.4366,78.192,56.214,14.677,5.6157,3.6634
3.6394e-07,-0.55966,1.2624,0.071271,-0.30411,0.43678,78.204,56.289,14.662,5.5751,3.6328
3.6452e-07,-0.5702,1.2676,0.079363,-0.30612,0.43696,78.215,56.364,14.647,5.5341,3.6025
3.6509e-07,-0.58018,1.2727,0.086445,-0.30791,0.43714,78.226,56.439,14.632,5.4926,3.5724
3.6565e-07,-0.5887,1.2779,0.092693,-0.30947,0.43733,78.237,56.514,14.618,5.4507,3.5426
3.6619e-07,-0.5951,1.2823,0.098451,-0.31121,0.43751,78.249,56.59,14.605,5.4085,3.513
3.6672e-07,-0.60248,1.2865,0.10286,-0.31192,0.43769,78.26,56.666,14.592,5.366,3.4837
3.6724e-07,-0.35701,1.2909,0.1061,-0.31245,0.43788,78.271,56.742,14.579,5.3231,3.4547
3.6774e-07,-0.36112,1.2951,0.10912,-0.313,0.43806,78.282,56.819,14.567,5.28,3.4259
3.6823e-07,-0.36674,1.2982,0.11163,-0.31413,0.43825,78.293,56.895,14.556,5.2367,3.3975
3.6871e-07,-0.37108,1.3008,0.11354,-0.3147,0.43844,78.305,56.972,14.545,5.1931,3.3693
3.6917e-07,-0.37503,1.3033,0.11552,-0.31506,0.43863,78.316,57.049,14.534,5.1494,3.3414
3.6962e-07,-0.37821,1.3058,0.11685,-0.31493,0.43882,78.327,57.127,14.524,5.1055,3.3139
3.7006e-07,-0.38174,1.3081,0.1167,-0.31565,0.43901,78.338,57.204,14.515,5.0615,3.2866
3.7048e-07,-0.38497,1.3104,0.11636,-0.31574,0.4392,78.349,57.282,14.506,5.0173,3.2596
3.7089e-07,-0.38785,1.3129,0.11614,-0.31578,0.43939,78.36,57.36,14.498,4.9732,3.233
3.7129e-07,-0.3907,1.3152,0.11631,-0.31515,0.43958,78.371,57.439,14.49,4.929,3.2067
3.7168e-07,-0.39318,1.3173,0.11689,-0.31522,0.43978,78.382,57.517,14.483,4.8847,3.1807
3.7205e-07,-0.39505,1.3193,0.11682,-0.31485,0.43997,78.394,57.596,14.476,4.8405,3.155
3.7241e-07,-0.39722,1.3209,0.11616,-0.3144,0.44017,78.405,57.675,14.471,4.7963,3.1297
3.7275e-07,-0.39926,1.3225,0.11498,-0.31345,0.44036,78.416,57.754,14.465,4.7522,3.1047
3.7309e-07,-0.40095,1.3241,0.11363,-0.31311,0.44056,78.427,57.834,14.461,4.7082,3.08
3.7341e-07,-0.65402,1.3256,0.11175,-0.31259,0.44076,78.438,57.913,14.457,4.6642,3.0557
3.7372e-07,-0.65618,1.327,0.10907,-0.31208,0.44096,78.449,57.993,14.454,4.6204,3.0317
3.7401e-07,-0.65755,1.3282,0.10558,-0.31143,0.44116,78.46,58.073,14.451,4.5767,3.0081
3.743e-07,-0.40788,1.3295,0.10146,-0.31081,0.44136,78.471,58.154,14.449,4.5332,2.9848
3.7457e-07,-0.40967,1.3308,0.096694,-0.31012,0.44156,78.482,58.234,14.448,4.4899,2.9618
3.7483e-07,-0.41138,1.3321,0.091339,-0.3094,0.44176,78.493,58.315,14.447,4.4468,2.9392
3.7508e-07,-0.41303,1.3332,0.085339,-0.30856,0.44196,78.504,58.396,14.447,4.4039,2.917
3.7531e-07,-0.41448,1.3344,0.079272,-0.30779,0.44217,78.515,58.477,14.448,4.3612,2.8951
3.7554e-07,-0.41571,1.3355,0.072923,-0.30697,0.44237,78.526,58.558,14.45,4.3188,2.8736
3.7575e-07,-0.41697,1.3365,0.066238,-0.30606,0.44258,78.537,58.64,14.452,4.2767,2.8524
3.7595e-07,-0.41765,1.3375,0.059911,-0.3052,0.44278,78.548,58.721,14.455,4.2348,2.8316
3.7614e-07,-0.4184,1.3385,0.054235,-0.30431,0.44299,78.559,58.803,14.459,4.1932,2.8111
3.7632e-07,-0.4188,1.3395,0.049134,-0.30347,0.4432,78.569,58.886,14.464,4.152,2.791
3.7648e-07,-0.16682,1.3406,0.045728,-0.30254,0.4434,78.58,58.968,14.469,4.1111,2.7712
3.7664e-07,-0.16582,1.3417,0.042168,-0.302,0.44361,78.591,59.05,14.475,4.0705,2.7519
3.7678e-07,-0.16381,1.3443,0.039358,-0.30057,0.44382,78.602,59.133,14.482,4.0303,2.7328
3.7691e-07,-0.16184,1.3491,0.035887,-0.29692,0.44403,78.613,59.216,14.49,3.9904,2.7142
3.7703e-07,-0.15852,1.351,0.034019,-0.29544,0.44424,78.624,59.299,14.498,3.9509,2.6958
3.7714e-07,-0.15581,1.3507,0.032224,-0.29436,0.44445,78.635,59.382,14.508,3.9118,2.6779
3.7724e-07,-0.15308,1.3515,0.028754,-0.29308,0.44466,78.646,59.466,14.518,3.8731,2.6603
3.7733e-07,-0.14959,1.3506,0.024833,-0.29227,0.44488,78.656,59.549,14.529,3.8348,2.6431
3.7741e-07,-0.14676,1.3506,0.021659,-0.29198,0.44509,78.667,59.633,14.541,3.7969,2.6262
3.7747e-07,-0.14497,1.3506,0.018839,-0.29109,0.4453,78.678,59.717,14.553,3.7594,2.6097
3.7753e-07,-0.14148,1.3486,0.013869,-0.29065,0.44552,78.689,59.801,14.567,3.7223,2.5935
3.7758e-07,-0.13851,1.3483,0.010008,-0.29041,0.44573,78.7,59.885,14.581,3.6857,2.5777
3.7761e-07,-0.13519,1.347,0.0075453,-0.28937,0.44594,78.71,59.97,14.596,3.6495,2.5622
3.7764e-07,-0.13235,1.3456,0.0057446,-0.28983,0.44616,78.721,60.054,14.612,3.6137,2.5472
3.7765e-07,0.12104,1.3432,0.0024384,-0.2895,0.44638,78.732,60.139,14.629,3.5784,2.5324
3.7766e-07,0.12386,1.3423,-0.00050459,-0.2895,0.44659,78.743,60.224,14.647,3.5435,2.518
3.7766e-07,0.12529,1.3408,-0.0031344,-0.29007,0.44681,78.753,60.309,14.666,3.5091,2.504
3.7764e-07,0.12755,1.3391,-0.0055813,-0.28933,0.44703,78.764,60.394,14.685,3.4751,2.4903
3.7762e-07,0.12927,1.3367,-0.007277,-0.28896,0.44725,78.775,60.479,14.706,3.4416,2.4769
3.7758e-07,0.13074,1.3348,-0.0084777,-0.28841,0.44746,78.786,60.565,14.727,3.4085,2.4639
3.7754e-07,-0.11909,1.3334,-0.0076349,-0.28773,0.44768,78.796,60.65,14.749,3.3759,2.4513
3.7749e-07,-0.11754,1.3317,-0.0070979,-0.28828,0.4479,78.807,60.736,14.773,3.3438,2.439
3.7743e-07,-0.11763,1.3297,-0.0067206,-0.28743,0.44812,78.818,60.821,14.797,3.3121,2.427
3.7735e-07,-0.118,1.3274,-0.0052339,-0.28672,0.44834,78.828,60.907,14.822,3.2809,2.4154
3.7727e-07,-0.11945,1.3253,-0.0036457,-0.28661,0.44856,78.839,60.993,14.847,3.2501,2.4041
3.7718e-07,-0.12154,1.3232,-0.002079,-0.28637,0.44878,78.85,61.079,14.874,3.2199,2.3931
3.7709e-07,-0.12395,1.322,-0.00058387,-0.28629,0.449,78.86,61.165,14.902,3.1901,2.3825
3.7698e-07,0.1255,1.3234,0.00080239,-0.28596,0.44923,78.871,61.251,14.931,3.1607,2.3722
3.7686e-07,0.12263,1.3255,0.0028301,-0.28547,0.44945,78.882,61.338,14.96,3.1318,2.3622
3.7673e-07,0.11875,1.3241,0.0055717,-0.28493,0.44967,78.892,61.424,14.991,3.1034,2.3526
3.766e-07,0.11349,1.3226,0.0081895,-0.28442,0.44989,78.903,61.51,15.022,3.0755,2.3433
3.7646e-07,0.10831,1.3163,0.010005,-0.28378,0.45012,78.913,61.597,15.054,3.048,2.3343
3.763e-07,0.10221,1.3157,0.011948,-0.28343,0.45034,78.924,61.684,15.088,3.0209,2.3257
3.7614e-07,0.09541,1.3177,0.013583,-0.28238,0.45056,78.934,61.77,15.122,2.9944,2.3173
3.7598e-07,0.08875,1.3147,0.015578,-0.2818,0.45079,78.945,61.857,15.157,2.9682,2.3093
3.758e-07,0.08098,1.3123,0.017317,-0.28135,0.45101,78.956,61.944,15.193,2.9426,2.3016
3.7561e-07,0.073432,1.3142,0.018843,-0.28114,0.45124,78.966,62.03,15.23,2.9173,2.2942
3.7542e-07,0.065862,1.3121,0.020076,-0.28065,0.45146,78.977,62.117,15.268,2.8926,2.2871
3.7521e-07,0.058612,1.3109,0.021208,-0.28085,0.45169,78.987,62.204,15.307,2.8682,2.2803
3.75e-07,0.051801,1.311,0.022847,-0.28095,0.45191,78.998,62.291,15.347,2.8443,2.2739
3.7478e-07,0.29682,1.3101,0.024309,-0.28145,0.45214,79.008,62.378,15.388,2.8209,2.2677
3.7456e-07,0.29113,1.3094,0.025625,-0.28139,0.45236,79.019,62.465,15.429,2.7978,2.2618
3.7432e-07,0.28613,1.3081,0.027281,-0.28039,0.45259,79.029,62.551,15.472,2.7752,2.2563
3.7408e-07,0.28162,1.3063,0.029142,-0.2795,0.45282,79.04,62.638,15.515,2.7531,2.251
3.7383e-07,0.27804,1.3043,0.031503,-0.27853,0.45304,79.05,62.725,15.56,2.7313,2.246
3.7357e-07,0.27538,1.3035,0.033949,-0.27823,0.45327,79.061,62.812,15.605,2.71,2.2413
3.733e-07,0.022317,1.3037,0.036561,-0.27753,0.4535,79.071,62.899,15.651,2.689,2.2369
3.7302e-07,0.021166,1.3037,0.038949,-0.27755,0.45372,79.081,62.986,15.698,2.6685,2.2328
3.7274e-07,0.020871,1.3032,0.041161,-0.27659,0.45395,79.092,63.072,15.746,2.6484,2.229
3.7245e-07,0.021441,1.3029,0.04315,-0.27598,0.45418,79.102,63.159,15.795,2.6287,2.2255
3.7215e-07,0.021713,1.3023,0.044096,-0.27545,0.45441,79.113,63.246,15.845,2.6094,2.2222
3.7184e-07,0.023626,1.3019,0.044434,-0.27496,0.45463,79.123,63.332,15.896,2.5904,2.2192
3.7153e-07,0.025689,1.3018,0.044162,-0.27435,0.45486,79.133,63.419,15.947,2.5719,2.2165
3.712e-07,-0.22351,1.3009,0.04259,-0.27281,0.45509,79.144,63.506,16,2.5537,2.214
3.7087e-07,-0.22222,1.3003,0.039997,-0.27226,0.45532,79.154,63.592,16.053,2.5359,2.2118
3.7053e-07,-0.22102,1.3,0.033734,-0.27094,0.45554,79.164,63.678,16.107,2.5185,2.2099
3.7019e-07,-0.21933,1.2998,0.028379,-0.26916,0.45577,79.175,63.765,16.162,2.5015,2.2082
3.6984e-07,-0.21991,1.2984,0.021453,-0.26793,0.456,79.185,63.851,16.218,2.4848,2.2068
3.6947e-07,-0.21805,1.298,0.014488,-0.26887,0.45623,79.195,63.937,16.274,2.4684,2.2056
3.691e-07,-0.21608,1.2959,0.0082523,-0.26766,0.45645,79.206,64.023,16.332,2.4524,2.2047
3.6873e-07,-0.21556,1.2962,0.0020194,-0.26626,0.45668,79.216,64.109,16.39,2.4368,2.2041
3.6834e-07,-0.21261,1.2962,-0.0011216,-0.26458,0.45691,79.226,64.194,16.449,2.4215,2.2036
3.6795e-07,-0.20969,1.2968,-0.0035677,-0.26434,0.45714,79.237,64.28,16.509,2.4065,2.2035
3.6755e-07,-0.20802,1.2967,-0.0058667,-0.26421,0.45737,79.247,64.365,16.569,2.3919,2.2035
3.6714e-07,-0.20744,1.2958,-0.0078531,-0.26263,0.45759,79.257,64.451,16.63,2.3775,2.2038
3.6673e-07,-0.20779,1.2954,-0.0098142,-0.2617,0.45782,79.267,64.536,16.692,2.3636,2.2043
3.663e-07,-0.20845,1.2961,-0.012177,-0.26173,0.45805,79.278,64.621,16.755,2.3499,2.2051
3.6587e-07,-0.20994,1.2973,-0.01487,-0.26005,0.45828,79.288,64.706,16.818,2.3365,2.206
3.6544e-07,-0.21156,1.2972,-0.016348,-0.25862,0.45851,79.298,64.79,16.882,2.3234,2.2072
3.6499e-07,-0.21384,1.2975,-0.017952,-0.25693,0.45873,79.308,64.875,16.947,2.3107,2.2086
3.6453e-07,-0.21683,1.298,-0.019206,-0.25536,0.45896,79.319,64.959,17.012,2.2982,2.2102
3.6407e-07,-0.21965,1.2987,-0.020582,-0.25402,0.45919,79.329,65.043,17.078,2.286,2.212
3.636e-07,0.028853,1.2997,-0.022183,-0.25257,0.45942,79.339,65.127,17.144,2.2741,2.2141
3.6313e-07,0.026086,1.3008,-0.023777,-0.25115,0.45964,79.349,65.21,17.211,2.2625,2.2163
3.6264e-07,0.02368,1.302,-0.02504,-0.24977,0.45987,79.359,65.294,17.279,2.2511,2.2187
3.6215e-07,0.021843,1.3034,-0.026379,-0.24854,0.4601,79.37,65.377,17.347,2.24,2.2213
3.6165e-07,0.021125,1.3054,-0.027335,-0.24678,0.46033,79.38,65.46,17.416,2.2292,2.224
3.6114e-07,0.020253,1.3074,-0.028438,-0.24579,0.46055,79.39,65.543,17.485,2.2186,2.227
3.6062e-07,0.021064,1.3098,-0.028996,-0.24523,0.46078,79.4,65.625,17.554,2.2083,2.2301
3.601e-07,0.023266,1.3111,-0.029088,-0.24446,0.46101,79.41,65.707,17.624,2.1982,2.2334
3.5957e-07,-0.224,1.3146,-0.028476,-0.24451,0.46123,79.42,65.789,17.695,2.1884,2.2369
3.5903e-07,0.032253,1.3156,-0.027084,-0.24434,0.46146,79.43,65.871,17.765,2.1788,2.2405
3.5848e-07,-0.2123,1.3204,-0.025487,-0.24548,0.46168,79.44,65.952,17.836,2.1695,2.2443
3.5792e-07,-0.20279,1.3241,-0.025221,-0.24612,0.46191,79.45,66.033,17.908,2.1603,2.2483
3.5736e-07,-0.19175,1.3282,-0.023634,-0.24817,0.46214,79.461,66.114,17.98,2.1514,2.2523
3.5679e-07,-0.17894,1.3319,-0.021944,-0.2498,0.46236,79.471,66.195,18.052,2.1427,2.2566
3.5621e-07,-0.16348,1.3357,-0.022192,-0.2516,0.46259,79.481,66.275,18.124,2.1343,2.2609
3.5562e-07,-0.14577,1.3394,-0.021596,-0.25379,0.46281,79.491,66.355,18.196,2.126,2.2654
3.5503e-07,-0.12647,1.3433,-0.020914,-0.25517,0.46304,79.501,66.434,18.269,2.1179,2.27
3.5442e-07,0.14606,1.3467,-0.02065,-0.25784,0.46326,79.511,66.513,18.342,2.11,2.2747
3.5381e-07,0.16826,1.3505,-0.020556,-0.26055,0.46348,79.521,66.592,18.414,2.1024,2.2796
3.5319e-07,0.19171,1.3542,-0.021276,-0.26296,0.46371,79.531,66.671,18.487,2.0949,2.2845
3.5256e-07,0.21846,1.3576,-0.022222,-0.26465,0.46393,79.541,66.749,18.56,2.0875,2.2895
3.5193e-07,0.24696,1.3612,-0.023112,-0.26633,0.46415,79.551,66.826,18.633,2.0804,2.2947
3.5128e-07,0.27583,1.3643,-0.023841,-0.26837,0.46438,79.561,66.904,18.706,2.0734,2.2999
3.5063e-07,0.30363,1.3674,-0.025027,-0.26969,0.4646,79.571,66.98,18.779,2.0666,2.3052
3.4997e-07,0.33139,1.371,-0.025725,-0.27123,0.46482,79.581,67.057,18.851,2.06,2.3105
3.493e-07,0.35878,1.3742,-0.026017,-0.27325,0.46505,79.591,67.133,18.924,2.0535,2.316
3.4862e-07,0.38731,1.3773,-0.025439,-0.27536,0.46527,79.601,67.209,18.996,2.0472,2.3214
3.4793e-07,0.41464,1.3794,-0.024414,-0.27678,0.46549,79.611,67.284,19.068,2.041,2.327
3.4724e-07,0.19004,1.3819,-0.021923,-0.27767,0.46571,79.621,67.359,19.14,2.035,2.3326
3.4654e-07,-0.033697,1.3851,-0.019138,-0.27875,0.46593,79.63,67.433,19.212,2.0291,2.3382
3.4583e-07,-0.0090822,1.3879,-0.015832,-0.28048,0.46615,79.64,67.507,19.283,2.0233,2.3438
3.4511e-07,0.0052052,1.3894,-0.011134,-0.2815,0.46637,79.65,67.58,19.354,2.0177,2.3495
3.4438e-07,-0.23183,1.3908,-0.0062469,-0.28387,0.46659,79.66,67.653,19.424,2.0122,2.3552
3.4364e-07,-0.21937,1.3924,-0.00083114,-0.28492,0.46681,79.67,67.726,19.494,2.0068,2.3609
3.429e-07,-0.20952,1.3944,0.0056628,-0.28557,0.46703,79.68,67.798,19.563,2.0015,2.3666
3.4215e-07,-0.45341,1.396,0.012475,-0.28636,0.46725,79.69,67.869,19.632,1.9963,2.3723
3.4138e-07,-0.44733,1.3963,0.018791,-0.28766,0.46746,79.7,67.94,19.7,1.9913,2.378
3.4061e-07,-0.44287,1.3976,0.023788,-0.28853,0.46768,79.709,68.011,19.768,1.9863,2.3836
3.3984e-07,-0.69193,1.3982,0.027929,-0.28888,0.4679,79.719,68.081,19.835,1.9815,2.3893
3.3905e-07,-0.68992,1.3991,0.031652,-0.28975,0.46812,79.729,68.15,19.901,1.9767,2.3948
3.3825e-07,-0.68727,1.3995,0.033855,-0.29096,0.46833,79.739,68.219,19.966,1.972,2.4004
3.3745e-07,-0.68535,1.4001,0.034228,-0.29072,0.46855,79.749,68.287,20.03,1.9674,2.4059
