6.3889e-08,-0.139,0.95675,0.14702,-0.56724,0.5315,72.244,58.003,7.2218,8.7891,1.0325
6.5633e-08,-0.14802,0.95964,0.13839,-0.56628,0.53093,72.26,58.498,7.255,8.8245,1.0242
6.7425e-08,-0.15909,0.96246,0.13032,-0.5651,0.53037,72.275,59,7.2883,8.8604,1.016
6.9266e-08,-0.17137,0.96459,0.12398,-0.56458,0.52983,72.291,59.511,7.3215,8.8967,1.008
7.1156e-08,0.0024252,0.9683,0.1184,-0.56368,0.5293,72.306,60.03,7.3548,8.9334,1.0001
7.3097e-08,0.17379,0.97088,0.1101,-0.56326,0.5288,72.322,60.557,7.3881,8.9705,0.99241
7.5088e-08,0.15963,0.97282,0.10308,-0.56196,0.52831,72.337,61.093,7.4215,9.0079,0.98486
7.7132e-08,0.14156,0.97634,0.094823,-0.5607,0.52784,72.353,61.637,7.4548,9.0457,0.97745
7.9227e-08,-0.056124,0.97961,0.088109,-0.55979,0.52738,72.368,62.19,7.4882,9.0839,0.9702
8.1375e-08,-0.069287,0.98209,0.082196,-0.55873,0.52695,72.383,62.751,7.5216,9.1223,0.96311
8.3577e-08,-0.082985,0.98424,0.077587,-0.55827,0.52653,72.399,63.32,7.5549,9.1612,0.95617
8.5832e-08,-0.27913,0.98821,0.072966,-0.5562,0.52614,72.414,63.898,7.5883,9.2003,0.94939
8.8142e-08,0.080663,0.9925,0.068992,-0.55534,0.52576,72.43,64.484,7.6216,9.2397,0.94276
9.0506e-08,0.069094,0.99536,0.065522,-0.55448,0.52541,72.445,65.078,7.655,9.2795,0.93629
9.2926e-08,0.059166,0.99759,0.060897,-0.55336,0.52507,72.461,65.681,7.6883,9.3195,0.92998
9.5401e-08,0.04931,1.0007,0.057005,-0.55251,0.52476,72.476,66.292,7.7216,9.3598,0.92383
9.7931e-08,0.22499,1.0028,0.052728,-0.55066,0.52447,72.492,66.911,7.7548,9.4004,0.91783
1.0052e-07,0.21884,1.0046,0.048416,-0.54936,0.5242,72.507,67.539,7.788,9.4412,0.91199
1.0316e-07,0.21306,1.0068,0.04359,-0.54764,0.52395,72.523,68.175,7.8212,9.4823,0.9063
1.0586e-07,0.20515,1.0087,0.039287,-0.54692,0.52373,72.538,68.819,7.8543,9.5235,0.90078
1.0862e-07,0.19825,1.01,0.034342,-0.54577,0.52353,72.554,69.472,7.8874,9.565,0.89541
1.1143e-07,0.37788,1.011,0.030262,-0.54464,0.52335,72.569,70.133,7.9204,9.6067,0.8902
1.143e-07,0.3719,1.0126,0.02616,-0.54346,0.52319,72.585,70.802,7.9534,9.6486,0.88514
1.1722e-07,0.36628,1.0145,0.021195,-0.54173,0.52306,72.6,71.479,7.9863,9.6907,0.88025
1.202e-07,0.35983,1.0156,0.015439,-0.54044,0.52295,72.616,72.164,8.0191,9.7329,0.87551
1.2324e-07,0.16814,1.0163,0.010558,-0.53958,0.52287,72.631,72.857,8.0518,9.7752,0.87092
1.2633e-07,0.16125,1.0177,0.0056075,-0.53761,0.52281,72.647,73.557,8.0844,9.8177,0.8665
1.2948e-07,0.15353,1.018,0.001618,-0.53608,0.52277,72.662,74.266,8.117,9.8604,0.86223
1.3268e-07,0.14672,1.02,-0.00076588,-0.53512,0.52275,72.677,74.983,8.1494,9.9031,0.85811
1.3594e-07,0.1361,1.0205,-0.0038781,-0.53473,0.52276,72.693,75.707,8.1818,9.9459,0.85415
1.3925e-07,0.12585,1.022,-0.0066849,-0.53329,0.5228,72.708,76.439,8.214,9.9888,0.85035
1.4261e-07,0.1176,1.0232,-0.0080995,-0.53209,0.52286,72.724,77.178,8.2462,10.032,0.8467
1.4603e-07,0.10539,1.0245,-0.010024,-0.53113,0.52294,72.739,77.925,8.2782,10.075,0.84321
1.4949e-07,0.091603,1.0252,-0.0091098,-0.53002,0.52304,72.755,78.68,8.3101,10.118,0.83987
1.5301e-07,0.079782,1.0267,-0.0083979,-0.52873,0.52317,72.77,79.441,8.3419,10.161,0.83669
1.5658e-07,0.25334,1.027,-0.0028452,-0.52782,0.52332,72.786,80.21,8.3735,10.204,0.83366
1.602e-07,0.24268,1.0274,0.0021588,-0.52708,0.5235,72.801,80.985,8.405,10.247,0.83079
1.6386e-07,-0.1384,1.028,0.0095901,-0.52609,0.5237,72.816,81.768,8.4363,10.29,0.82807
1.6757e-07,-0.14489,1.0287,0.019139,-0.52501,0.52392,72.832,82.557,8.4675,10.333,0.8255
1.7132e-07,-0.15142,1.0288,0.029801,-0.52416,0.52417,72.847,83.353,8.4986,10.376,0.82309
1.7512e-07,-0.158,1.029,0.042237,-0.5233,0.52443,72.863,84.155,8.5295,10.418,0.82083
1.7896e-07,-0.15966,1.0291,0.05174,-0.52237,0.52472,72.878,84.964,8.5602,10.461,0.81872
1.8285e-07,-0.16115,1.0292,0.05906,-0.5218,0.52504,72.893,85.778,8.5907,10.504,0.81676
1.8677e-07,-0.16361,1.0286,0.064833,-0.52158,0.52537,72.909,86.599,8.6211,10.546,0.81496
1.9073e-07,-0.1658,1.0305,0.069429,-0.52017,0.52573,72.924,87.426,8.6513,10.588,0.81331
1.9473e-07,-0.17457,1.0309,0.070617,-0.51993,0.52611,72.94,88.258,8.6813,10.63,0.81181
1.9876e-07,-0.17966,1.0316,0.070308,-0.51846,0.52651,72.955,89.096,8.7111,10.672,0.81046
2.0282e-07,-0.0044752,1.0328,0.068211,-0.51802,0.52693,72.97,89.939,8.7407,10.714,0.80926
2.0692e-07,-0.010197,1.0329,0.063587,-0.51765,0.52736,72.986,90.786,8.7702,10.756,0.80822
2.1104e-07,-0.015989,1.033,0.058143,-0.51625,0.52782,73.001,91.639,8.7994,10.797,0.80732
2.1519e-07,-0.017364,1.0333,0.051105,-0.51535,0.5283,73.016,92.497,8.8284,10.838,0.80658
2.1937e-07,-0.205,1.0331,0.044248,-0.51522,0.5288,73.032,93.358,8.8572,10.879,0.80598
2.2357e-07,-0.2078,1.032,0.0356,-0.51494,0.52932,73.047,94.224,8.8858,10.92,0.80554
2.2779e-07,-0.20879,1.0322,0.028336,-0.51429,0.52985,73.063,95.094,8.9141,10.96,0.80524
2.3203e-07,-0.39174,1.0315,0.020901,-0.5128,0.5304,73.078,95.968,8.9422,11,0.8051
2.3629e-07,-0.20451,1.032,0.012633,-0.51134,0.53097,73.093,96.845,8.9701,11.039,0.80511
2.4056e-07,-0.19977,1.0315,0.0050063,-0.50969,0.53155,73.109,97.725,8.9978,11.079,0.80526
2.4485e-07,-0.19455,1.0314,-0.0026099,-0.50794,0.53215,73.124,98.608,9.0252,11.118,0.80557
2.4915e-07,-0.18593,1.0309,-0.0089808,-0.50642,0.53277,73.139,99.494,9.0523,11.156,0.80603
2.5345e-07,-0.17469,1.031,-0.016526,-0.50515,0.5334,73.154,100.38,9.0793,11.194,0.80663
2.5776e-07,-0.16155,1.0309,-0.024125,-0.5037,0.53404,73.17,101.27,9.1059,11.232,0.80739
2.6208e-07,-0.14806,1.0313,-0.0313,-0.50291,0.5347,73.185,102.16,9.1323,11.27,0.8083
2.664e-07,-0.13143,1.0319,-0.037636,-0.50179,0.53537,73.2,103.06,9.1585,11.307,0.80935
2.7071e-07,-0.11493,1.0322,-0.042833,-0.50076,0.53605,73.216,103.95,9.1843,11.343,0.81056
2.7503e-07,0.087897,1.0326,-0.047274,-0.49963,0.53674,73.231,104.85,9.2099,11.379,0.81192
2.7934e-07,0.10542,1.0329,-0.050718,-0.4987,0.53744,73.246,105.74,9.2353,11.415,0.81342
2.8364e-07,0.12198,1.033,-0.054595,-0.49784,0.53815,73.261,106.64,9.2603,11.45,0.81508
2.8793e-07,0.1391,1.0342,-0.05858,-0.49666,0.53887,73.277,107.53,9.2851,11.485,0.81688
2.9221e-07,0.15831,1.0354,-0.06097,-0.49591,0.5396,73.292,108.43,9.3096,11.519,0.81884
2.9647e-07,0.17833,1.036,-0.063491,-0.49501,0.54033,73.307,109.32,9.3338,11.552,0.82095
3.0072e-07,0.19965,1.037,-0.066394,-0.49431,0.54107,73.322,110.21,9.3578,11.586,0.82321
3.0495e-07,0.21981,1.038,-0.069431,-0.49331,0.54182,73.338,111.11,9.3814,11.618,0.82561
3.0916e-07,0.2427,1.0391,-0.071532,-0.49215,0.54257,73.353,111.99,9.4047,11.65,0.82817
3.1335e-07,0.26448,1.0415,-0.072853,-0.49176,0.54332,73.368,112.88,9.4278,11.681,0.83088
3.1751e-07,0.28647,1.0439,-0.074124,-0.4916,0.54408,73.383,113.76,9.4505,11.712,0.83374
3.2165e-07,0.30784,1.0454,-0.075005,-0.49154,0.54484,73.398,114.65,9.473,11.742,0.83675
3.2575e-07,0.33065,1.0466,-0.076066,-0.49041,0.5456,73.414,115.52,9.4951,11.772,0.83992
3.2983e-07,0.16821,1.0474,-0.077042,-0.48934,0.54637,73.429,116.39,9.5169,11.801,0.84323
3.3387e-07,0.18972,1.0489,-0.077614,-0.48868,0.54713,73.444,117.26,9.5385,11.83,0.8467
3.3787e-07,0.20979,1.0513,-0.076467,-0.48769,0.54789,73.459,118.13,9.5597,11.857,0.85031
3.4184e-07,0.042575,1.0529,-0.075949,-0.48667,0.54864,73.474,118.99,9.5806,11.884,0.85408
3.4576e-07,-0.12882,1.0548,-0.073445,-0.48535,0.5494,73.489,119.84,9.6012,11.911,0.858
3.4965e-07,-0.30214,1.056,-0.072326,-0.48433,0.55015,73.505,120.68,9.6215,11.937,0.86208
3.5349e-07,-0.29383,1.058,-0.072436,-0.48326,0.55089,73.52,121.52,9.6414,11.962,0.8663
3.5729e-07,-0.28748,1.0595,-0.073609,-0.48184,0.55163,73.535,122.36,9.6611,11.986,0.87068
3.6104e-07,-0.28358,1.0605,-0.07479,-0.48123,0.55236,73.55,123.18,9.6804,12.01,0.87521
3.6475e-07,-0.09696,1.0611,-0.076277,-0.48022,0.55309,73.565,124,9.6995,12.033,0.87989
3.684e-07,-0.094188,1.0623,-0.079024,-0.47877,0.5538,73.58,124.81,9.7182,12.056,0.88472
3.72e-07,0.089974,1.0632,-0.081889,-0.47736,0.55451,73.595,125.61,9.7366,12.077,0.88971
3.7555e-07,0.27132,1.0642,-0.085138,-0.47581,0.5552,73.61,126.4,9.7546,12.098,0.89484
3.7904e-07,0.26753,1.0649,-0.088106,-0.47477,0.55589,73.625,127.18,9.7724,12.118,0.90013
3.8248e-07,0.26233,1.0663,-0.091838,-0.47375,0.55656,73.64,127.96,9.7898,12.138,0.90558
3.8586e-07,0.069946,1.0675,-0.094361,-0.47217,0.55722,73.656,128.72,9.807,12.157,0.91117
3.8918e-07,0.062513,1.0688,-0.096332,-0.4715,0.55786,73.671,129.47,9.8238,12.175,0.91692
3.9244e-07,-0.13102,1.0704,-0.097233,-0.47013,0.55849,73.686,130.21,9.8403,12.192,0.92282
3.9563e-07,-0.13969,1.0716,-0.098231,-0.46928,0.5591,73.701,130.93,9.8565,12.209,0.92887
3.9876e-07,-0.15032,1.0715,-0.098789,-0.46824,0.5597,73.716,131.65,9.8724,12.225,0.93507
4.0183e-07,0.021843,1.0727,-0.098496,-0.46759,0.56028,73.731,132.35,9.8879,12.24,0.94142
4.0483e-07,0.0088231,1.0723,-0.097913,-0.46538,0.56084,73.746,133.04,9.9032,12.254,0.94792
4.0777e-07,-0.0048807,1.0731,-0.097773,-0.4651,0.56138,73.761,133.71,9.9182,12.268,0.95457
4.1063e-07,-0.02025,1.0731,-0.098217,-0.46396,0.5619,73.776,134.38,9.9328,12.281,0.96138
4.1343e-07,-0.035768,1.0725,-0.097194,-0.46307,0.5624,73.791,135.02,9.9472,12.293,0.96833
4.1616e-07,0.13339,1.0729,-0.096608,-0.4623,0.56288,73.806,135.65,9.9612,12.305,0.97543
4.1881e-07,0.11696,1.0718,-0.096435,-0.46086,0.56334,73.821,136.27,9.975,12.315,0.98268
4.2139e-07,0.2846,1.0677,-0.094839,-0.45937,0.56378,73.835,136.87,9.9885,12.325,0.99007
4.2389e-07,0.26759,1.0704,-0.094062,-0.45805,0.56419,73.85,137.46,10.002,12.335,0.99761
4.2632e-07,0.24942,1.0755,-0.094208,-0.4583,0.56458,73.865,138.02,10.015,12.343,1.0053
4.2868e-07,0.41627,1.0779,-0.093345,-0.45706,0.56494,73.88,138.57,10.027,12.351,1.0131
4.3096e-07,0.58529,1.0787,-0.092855,-0.45629,0.56528,73.895,139.11,10.039,12.358,1.0211
4.3316e-07,0.56973,1.0775,-0.091179,-0.45502,0.56559,73.91,139.62,10.052,12.364,1.0292
4.3528e-07,0.55359,1.0764,-0.08959,-0.45447,0.56588,73.925,140.12,10.063,12.37,1.0375
4.3732e-07,0.53986,1.0753,-0.087976,-0.45303,0.56614,73.94,140.6,10.075,12.374,1.0459
4.3928e-07,0.52793,1.0681,-0.085424,-0.45178,0.56637,73.955,141.06,10.086,12.379,1.0544
4.4115e-07,0.51873,1.0651,-0.082609,-0.45034,0.56658,73.969,141.5,10.097,12.382,1.0631
4.4295e-07,0.32485,1.0631,-0.079036,-0.44929,0.56675,73.984,141.92,10.108,12.385,1.0719
4.4466e-07,0.31528,1.0613,-0.075588,-0.44838,0.5669,73.999,142.32,10.118,12.387,1.0809
4.4628e-07,0.31,1.0602,-0.071541,-0.44733,0.56702,74.014,142.7,10.129,12.388,1.09
4.4783e-07,0.30324,1.057,-0.06728,-0.44674,0.56711,74.029,143.06,10.139,12.388,1.0992
4.4928e-07,0.29868,1.0545,-0.062856,-0.44552,0.56717,74.044,143.4,10.148,12.388,1.1085
4.5065e-07,0.2971,1.051,-0.058711,-0.44429,0.56721,74.058,143.72,10.158,12.387,1.118
4.5193e-07,0.29488,1.0485,-0.054595,-0.44331,0.56721,74.073,144.02,10.167,12.386,1.1276
4.5312e-07,0.29409,1.0466,-0.051461,-0.44231,0.56718,74.088,144.3,10.176,12.383,1.1373
4.5422e-07,0.29375,1.0432,-0.04956,-0.44171,0.56712,74.103,144.55,10.185,12.381,1.1472
4.5523e-07,0.29185,1.0399,-0.046995,-0.44004,0.56704,74.117,144.78,10.194,12.377,1.1572
4.5616e-07,0.28923,1.0364,-0.044536,-0.43897,0.56692,74.132,144.99,10.203,12.373,1.1672
4.5698e-07,0.28602,1.0321,-0.042288,-0.43788,0.56677,74.147,145.18,10.211,12.368,1.1774
4.5772e-07,0.28244,1.0312,-0.038192,-0.43731,0.5666,74.162,145.34,10.219,12.362,1.1877
4.5836e-07,0.27874,1.0294,-0.03473,-0.43647,0.56639,74.176,145.48,10.227,12.356,1.1982
4.5891e-07,0.27509,1.0276,-0.03038,-0.43575,0.56615,74.191,145.6,10.235,12.349,1.2087
4.5937e-07,0.27193,1.0233,-0.025138,-0.4337,0.56588,74.206,145.7,10.243,12.342,1.2193
4.5973e-07,0.26835,1.0231,-0.018961,-0.43332,0.56559,74.22,145.77,10.25,12.334,1.23
4.5999e-07,0.26534,1.023,-0.01258,-0.43276,0.56526,74.235,145.82,10.258,12.325,1.2408
4.6015e-07,0.26342,1.023,-0.0049007,-0.43219,0.56491,74.25,145.84,10.265,12.316,1.2517
4.6022e-07,0.26095,1.023,0.0025857,-0.43196,0.56453,74.264,145.84,10.272,12.306,1.2628
4.6019e-07,-0.11106,1.0232,0.010292,-0.43158,0.56412,74.279,145.82,10.279,12.296,1.2738
4.6006e-07,-0.11095,1.0238,0.016451,-0.43103,0.56368,74.294,145.77,10.286,12.285,1.285
4.5984e-07,-0.29761,1.0264,0.021655,-0.4325,0.56321,74.308,145.7,10.293,12.274,1.2963
4.5951e-07,-0.29809,1.0265,0.025266,-0.43113,0.56272,74.323,145.61,10.299,12.262,1.3076
4.5908e-07,-0.29476,1.0265,0.02655,-0.43102,0.5622,74.337,145.49,10.306,12.249,1.319
4.5855e-07,-0.29156,1.0261,0.026473,-0.42907,0.56165,74.352,145.35,10.313,12.236,1.3304
4.5792e-07,-0.28809,1.0262,0.023254,-0.42952,0.56108,74.366,145.19,10.319,12.222,1.3419
4.5719e-07,-0.097541,1.0271,0.018488,-0.42819,0.56048,74.381,145,10.325,12.208,1.3535
4.5635e-07,-0.091305,1.0273,0.01314,-0.42817,0.55986,74.396,144.79,10.332,12.193,1.3651
4.5542e-07,0.10093,1.0279,0.0080958,-0.42751,0.55922,74.41,144.55,10.338,12.178,1.3768
4.5438e-07,0.2955,1.0282,0.0011837,-0.42628,0.55855,74.425,144.29,10.344,12.163,1.3885
4.5324e-07,0.30542,1.0291,-0.0053349,-0.4257,0.55786,74.439,144.01,10.351,12.146,1.4003
4.5199e-07,0.31486,1.0304,-0.011453,-0.42498,0.55715,74.454,143.71,10.357,12.13,1.4121
4.5064e-07,0.32391,1.032,-0.017921,-0.42421,0.55642,74.468,143.38,10.363,12.113,1.4239
4.4919e-07,0.33333,1.0335,-0.024394,-0.42323,0.55567,74.483,143.03,10.37,12.095,1.4358
4.4763e-07,0.3441,1.0358,-0.031112,-0.42263,0.5549,74.497,142.66,10.376,12.078,1.4476
4.4597e-07,0.35563,1.0383,-0.037545,-0.42206,0.55411,74.511,142.26,10.382,12.059,1.4595
4.4421e-07,0.36826,1.0404,-0.045031,-0.42149,0.55331,74.526,141.84,10.389,12.04,1.4714
4.4234e-07,0.37961,1.0425,-0.053345,-0.42049,0.55249,74.54,141.4,10.395,12.021,1.4833
4.4037e-07,0.39201,1.0446,-0.06195,-0.42003,0.55165,74.555,140.94,10.401,12.002,1.4952
4.383e-07,0.40579,1.0471,-0.071055,-0.41942,0.5508,74.569,140.46,10.408,11.982,1.5071
4.3613e-07,0.4204,1.0507,-0.080344,-0.41841,0.54993,74.583,139.96,10.415,11.962,1.519
4.3385e-07,0.62075,1.0545,-0.089195,-0.41771,0.54906,74.598,139.44,10.421,11.941,1.5308
4.3147e-07,0.82058,1.058,-0.097181,-0.41673,0.54817,74.612,138.89,10.428,11.92,1.5427
4.29e-07,0.83857,1.0632,-0.10466,-0.41602,0.54727,74.627,138.33,10.435,11.899,1.5545
4.2642e-07,0.85402,1.0695,-0.11082,-0.41556,0.54636,74.641,137.75,10.442,11.877,1.5663
4.2375e-07,0.87113,1.0737,-0.11532,-0.4148,0.54544,74.655,137.14,10.449,11.855,1.578
4.2097e-07,0.88959,1.076,-0.11832,-0.41424,0.54452,74.67,136.52,10.456,11.833,1.5897
4.181e-07,0.90634,1.0782,-0.12015,-0.41399,0.54358,74.684,135.88,10.464,11.81,1.6013
4.1514e-07,0.92193,1.0822,-0.12043,-0.41342,0.54265,74.698,135.22,10.471,11.787,1.6129
4.1208e-07,0.93743,1.0861,-0.11958,-0.41309,0.54171,74.712,134.55,10.479,11.764,1.6244
4.0893e-07,0.95022,1.0916,-0.11733,-0.4124,0.54076,74.727,133.86,10.487,11.74,1.6359
4.0568e-07,0.96027,1.0953,-0.11358,-0.41205,0.53982,74.741,133.15,10.495,11.716,1.6473
4.0235e-07,0.96902,1.0991,-0.1093,-0.41165,0.53887,74.755,132.42,10.503,11.692,1.6586
3.9893e-07,0.97592,1.1008,-0.10453,-0.41124,0.53792,74.769,131.68,10.512,11.668,1.6698
3.9542e-07,0.98093,1.1021,-0.099639,-0.41044,0.53698,74.784,130.92,10.521,11.643,1.6809
3.9183e-07,0.98454,1.105,-0.094583,-0.41,0.53603,74.798,130.15,10.53,11.619,1.692
3.8815e-07,0.8034,1.1088,-0.089274,-0.40964,0.53509,74.812,129.36,10.539,11.594,1.7029
3.844e-07,0.80738,1.1116,-0.082876,-0.40942,0.53416,74.826,128.56,10.548,11.568,1.7138
3.8057e-07,0.80949,1.1138,-0.076496,-0.40885,0.53323,74.84,127.74,10.558,11.543,1.7245
3.7666e-07,0.81069,1.1153,-0.070191,-0.40826,0.5323,74.855,126.91,10.568,11.517,1.7351
3.7267e-07,0.81191,1.1177,-0.064666,-0.40758,0.53139,74.869,126.07,10.578,11.491,1.7456
3.6862e-07,0.81144,1.1201,-0.059197,-0.40655,0.53048,74.883,125.22,10.589,11.465,1.756
3.645e-07,0.62594,1.1218,-0.054204,-0.40566,0.52958,74.897,124.36,10.6,11.439,1.7663
3.6031e-07,0.62489,1.1231,-0.050526,-0.40445,0.5287,74.911,123.48,10.611,11.412,1.7764
3.5606e-07,0.62268,1.1247,-0.047772,-0.40383,0.52782,74.925,122.59,10.622,11.386,1.7864
3.5175e-07,0.62038,1.1267,-0.045339,-0.40298,0.52696,74.939,121.7,10.634,11.359,1.7963
3.4738e-07,0.61703,1.1288,-0.044806,-0.40224,0.52611,74.953,120.79,10.646,11.332,1.806
3.4296e-07,0.61347,1.1313,-0.045529,-0.40161,0.52528,74.968,119.88,10.659,11.305,1.8156
3.3849e-07,0.60983,1.1323,-0.046395,-0.40103,0.52447,74.982,118.95,10.671,11.278,1.825
3.3397e-07,0.60399,1.1353,-0.04863,-0.40055,0.52367,74.996,118.02,10.684,11.25,1.8342
3.294e-07,0.59863,1.1376,-0.05141,-0.39959,0.52289,75.01,117.08,10.698,11.223,1.8433
3.2479e-07,0.40795,1.1401,-0.055513,-0.39831,0.52213,75.024,116.14,10.712,11.195,1.8523
3.2015e-07,0.77307,1.142,-0.059382,-0.39744,0.52139,75.038,115.19,10.726,11.167,1.8611
3.1547e-07,0.76658,1.1453,-0.06269,-0.39671,0.52066,75.052,114.23,10.741,11.139,1.8697
3.1076e-07,0.7588,1.1477,-0.065935,-0.3957,0.51997,75.066,113.27,10.756,11.111,1.8782
3.0602e-07,0.75173,1.1498,-0.069187,-0.39394,0.51929,75.08,112.3,10.771,11.083,1.8865
3.0126e-07,0.74242,1.1527,-0.072325,-0.39259,0.51864,75.094,111.32,10.787,11.055,1.8946
2.9647e-07,0.73367,1.1557,-0.075076,-0.39134,0.51801,75.107,110.35,10.804,11.026,1.9025
2.9167e-07,0.54041,1.1592,-0.077163,-0.3891,0.51741,75.121,109.37,10.82,10.998,1.9103
2.8686e-07,0.53287,1.1625,-0.0777,-0.388,0.51683,75.135,108.39,10.838,10.969,1.9179
2.8203e-07,0.5253,1.1673,-0.079328,-0.38741,0.51628,75.149,107.4,10.855,10.941,1.9253
2.772e-07,0.51752,1.1728,-0.080601,-0.38702,0.51576,75.163,106.41,10.874,10.912,1.9325
2.7236e-07,0.32417,1.1783,-0.080494,-0.3857,0.51527,75.177,105.42,10.892,10.883,1.9396
2.6753e-07,0.31752,1.1807,-0.081733,-0.3865,0.51481,75.191,104.44,10.911,10.854,1.9465
2.627e-07,0.31142,1.1849,-0.080778,-0.38535,0.51438,75.205,103.45,10.931,10.825,1.9532
2.5787e-07,0.30287,1.1904,-0.080644,-0.3857,0.51398,75.219,102.46,10.951,10.796,1.9597
2.5305e-07,0.29469,1.1933,-0.079764,-0.38504,0.5136,75.232,101.47,10.971,10.767,1.966
2.4825e-07,0.47013,1.1969,-0.078824,-0.3854,0.51327,75.246,100.48,10.992,10.738,1.9722
2.4347e-07,0.46548,1.2011,-0.07595,-0.38533,0.51296,75.26,99.488,11.014,10.709,1.9782
2.387e-07,0.64627,1.2039,-0.072267,-0.3846,0.51269,75.274,98.502,11.036,10.68,1.984
2.3396e-07,0.64214,1.2071,-0.067477,-0.38331,0.51245,75.288,97.518,11.059,10.651,1.9896
2.2924e-07,0.63811,1.2101,-0.061646,-0.38274,0.51225,75.301,96.537,11.082,10.621,1.9951
2.2456e-07,0.63677,1.2123,-0.053869,-0.38166,0.51208,75.315,95.558,11.105,10.592,2.0004
2.199e-07,0.63594,1.2159,-0.044993,-0.3809,0.51195,75.329,94.582,11.13,10.562,2.0055
2.1528e-07,0.63069,1.2193,-0.036317,-0.38024,0.51186,75.343,93.61,11.154,10.533,2.0104
2.107e-07,0.44547,1.222,-0.026175,-0.37865,0.5118,75.356,92.642,11.18,10.503,2.0152
2.0615e-07,0.26203,1.2243,-0.015981,-0.37802,0.51178,75.37,91.679,11.205,10.474,2.0198
2.0165e-07,0.26641,1.229,-0.0046114,-0.37726,0.5118,75.384,90.72,11.232,10.444,2.0243
1.972e-07,0.088902,1.2334,0.0042778,-0.37639,0.51185,75.397,89.766,11.259,10.415,2.0286
1.9279e-07,-0.089964,1.2378,0.014511,-0.37555,0.51194,75.411,88.817,11.286,10.385,2.0327
1.8843e-07,-0.087378,1.2411,0.023151,-0.37439,0.51208,75.425,87.874,11.314,10.355,2.0367
1.8412e-07,-0.076299,1.252,0.03302,-0.37357,0.51225,75.438,86.937,11.343,10.326,2.0405
1.7987e-07,-0.066201,1.2595,0.041536,-0.37173,0.51246,75.452,86.006,11.372,10.296,2.0442
1.7567e-07,-0.056952,1.2627,0.049015,-0.37135,0.51271,75.466,85.082,11.402,10.266,2.0478
1.7153e-07,-0.23271,1.2637,0.056248,-0.37144,0.513,75.479,84.164,11.433,10.237,2.0512
1.6745e-07,-0.40812,1.2664,0.062743,-0.37126,0.51333,75.493,83.254,11.464,10.207,2.0544
1.6343e-07,-0.39873,1.2709,0.067387,-0.37049,0.5137,75.506,82.351,11.495,10.177,2.0576
1.5947e-07,-0.38861,1.2746,0.069257,-0.37074,0.51412,75.52,81.455,11.528,10.147,2.0606
1.5557e-07,-0.56113,1.2779,0.071069,-0.37112,0.51457,75.534,80.567,11.56,10.117,2.0635
1.5174e-07,-0.54904,1.2803,0.069637,-0.3709,0.51506,75.547,79.687,11.594,10.088,2.0663
1.4797e-07,-0.71908,1.2817,0.066425,-0.37052,0.5156,75.561,78.815,11.628,10.058,2.069
1.4427e-07,-0.51968,1.2849,0.062743,-0.36931,0.51618,75.574,77.952,11.662,10.028,2.0715
1.4064e-07,-0.50524,1.2888,0.05706,-0.36845,0.5168,75.588,77.097,11.698,9.9981,2.074
1.3707e-07,-0.48999,1.2918,0.050212,-0.36816,0.51745,75.601,76.251,11.734,9.9682,2.0764
1.3358e-07,-0.47283,1.2938,0.04314,-0.36839,0.51815,75.615,75.414,11.77,9.9383,2.0787
1.3015e-07,-0.27036,1.295,0.034173,-0.36803,0.5189,75.628,74.585,11.807,9.9084,2.0809
1.2679e-07,-0.25392,1.2966,0.026278,-0.36724,0.51968,75.642,73.767,11.845,9.8785,2.083
1.235e-07,-0.41401,1.298,0.023299,-0.36662,0.5205,75.655,72.957,11.883,9.8486,2.085
1.2028e-07,-0.5756,1.2989,0.022164,-0.36679,0.52137,75.668,72.157,11.922,9.8187,2.087
1.1713e-07,-0.55369,1.3005,0.022845,-0.36651,0.52227,75.682,71.367,11.961,9.7887,2.0889
1.1404e-07,-0.35041,1.3006,0.02483,-0.36594,0.52322,75.695,70.586,12.001,9.7588,2.0908
1.1103e-07,-0.3325,1.2997,0.027583,-0.36598,0.5242,75.709,69.815,12.042,9.7288,2.0926
1.0809e-07,-0.31394,1.3002,0.030854,-0.36575,0.52523,75.722,69.054,12.084,9.6989,2.0944
1.0522e-07,-0.29673,1.3,0.033356,-0.3648,0.52629,75.735,68.303,12.125,9.6689,2.0961
1.0242e-07,-0.2796,1.3004,0.04019,-0.36542,0.5274,75.749,67.563,12.168,9.639,2.0978
9.9681e-08,-0.26563,1.3003,0.04612,-0.36452,0.52854,75.762,66.832,12.211,9.609,2.0995
9.7014e-08,-0.43616,1.2986,0.049186,-0.36511,0.52972,75.775,66.112,12.255,9.579,2.1012
9.4415e-08,-0.42617,1.2928,0.05479,-0.36698,0.53094,75.789,65.402,12.299,9.5491,2.1028
9.1882e-08,-0.41567,1.29,0.057376,-0.36613,0.5322,75.802,64.702,12.344,9.5191,2.1045
8.9416e-08,-0.4058,1.2888,0.060804,-0.36621,0.53349,75.815,64.013,12.389,9.4891,2.1062
8.7015e-08,-0.39943,1.2883,0.06177,-0.36581,0.53483,75.829,63.334,12.436,9.4591,2.1078
8.4679e-08,-0.39618,1.2879,0.062545,-0.36542,0.53619,75.842,62.666,12.482,9.4291,2.1095
8.2407e-08,-0.39074,1.2904,0.062074,-0.36399,0.5376,75.855,62.008,12.529,9.3991,2.1112
8.0198e-08,-0.38801,1.2896,0.062075,-0.3629,0.53903,75.868,61.361,12.577,9.3692,2.113
7.8051e-08,-0.38606,1.2914,0.063521,-0.36288,0.5405,75.882,60.724,12.626,9.3392,2.1147
7.5965e-08,-0.38797,1.2911,0.064299,-0.36221,0.54201,75.895,60.098,12.674,9.3092,2.1166
7.394e-08,-0.38863,1.2884,0.065262,-0.36252,0.54355,75.908,59.482,12.724,9.2792,2.1184
7.1973e-08,-0.39065,1.2866,0.066161,-0.36222,0.54512,75.921,58.877,12.774,9.2492,2.1203
7.0065e-08,-0.39313,1.2855,0.070137,-0.36077,0.54672,75.934,58.282,12.824,9.2192,2.1223
6.8215e-08,-0.3951,1.2868,0.073618,-0.36122,0.54835,75.948,57.698,12.875,9.1892,2.1244
6.642e-08,-0.40011,1.2856,0.078732,-0.36056,0.55001,75.961,57.124,12.927,9.1593,2.1265
6.468e-08,-0.40457,1.2885,0.085813,-0.35994,0.55169,75.974,56.561,12.979,9.1293,2.1287
6.2995e-08,-0.40833,1.2888,0.093953,-0.35815,0.55341,75.987,56.008,13.032,9.0993,2.131
6.1362e-08,-0.4156,1.2891,0.10136,-0.35797,0.55515,76,55.466,13.085,9.0693,2.1334
5.9781e-08,-0.41921,1.2906,0.10858,-0.35744,0.55692,76.013,54.934,13.138,9.0393,2.136
5.825e-08,-0.42539,1.2911,0.11683,-0.35702,0.55871,76.026,54.412,13.193,9.0094,2.1386
5.677e-08,-0.43206,1.2926,0.12558,-0.35604,0.56052,76.039,53.901,13.247,8.9794,2.1413
5.5337e-08,-0.43761,1.2944,0.13627,-0.35574,0.56236,76.053,53.4,13.302,8.9495,2.1442
5.3952e-08,-0.62679,1.2889,0.14764,-0.35584,0.56421,76.066,52.909,13.358,8.9195,2.1472
5.2613e-08,-0.63211,1.2892,0.15543,-0.35511,0.56609,76.079,52.428,13.413,8.8896,2.1503
5.1319e-08,-0.63698,1.2897,0.16352,-0.35418,0.56798,76.092,51.958,13.47,8.8596,2.1536
5.007e-08,-0.82565,1.2869,0.16946,-0.35422,0.5699,76.105,51.497,13.526,8.8297,2.157
4.8863e-08,-1.0117,1.2888,0.17511,-0.35351,0.57182,76.118,51.047,13.584,8.7998,2.1605
4.7698e-08,-1.0144,1.2905,0.18036,-0.35335,0.57376,76.131,50.606,13.641,8.7699,2.1643
4.6574e-08,-1.017,1.2913,0.18526,-0.35276,0.57572,76.144,50.176,13.699,8.74,2.1682
4.549e-08,-1.0187,1.2934,0.19033,-0.35188,0.57768,76.157,49.755,13.757,8.7101,2.1723
4.4445e-08,-1.0173,1.2952,0.19454,-0.35126,0.57965,76.17,49.344,13.816,8.6803,2.1766
4.3437e-08,-1.0185,1.2974,0.19912,-0.35082,0.58164,76.183,48.942,13.875,8.6504,2.181
4.2467e-08,-1.0168,1.2992,0.20311,-0.34998,0.58363,76.195,48.551,13.934,8.6206,2.1857
4.1532e-08,-1.2012,1.3009,0.20586,-0.34962,0.58562,76.208,48.168,13.993,8.5908,2.1905
4.0632e-08,-1.2031,1.303,0.2082,-0.34944,0.58762,76.221,47.796,14.053,8.561,2.1956
3.9766e-08,-1.2013,1.3048,0.21036,-0.3485,0.58962,76.234,47.432,14.113,8.5312,2.2009
3.8933e-08,-1.1994,1.3068,0.21157,-0.34764,0.59162,76.247,47.079,14.174,8.5014,2.2064
3.8132e-08,-1.1955,1.3093,0.21118,-0.34702,0.59362,76.26,46.734,14.234,8.4717,2.2121
3.7363e-08,-1.0065,1.3115,0.21157,-0.34677,0.59562,76.273,46.399,14.295,8.442,2.2181
3.6624e-08,-1.0034,1.3136,0.21175,-0.34557,0.59761,76.286,46.072,14.356,8.4123,2.2243
3.5915e-08,-1.0006,1.3147,0.21247,-0.34417,0.5996,76.298,45.755,14.418,8.3827,2.2307
3.5235e-08,-0.9961,1.3164,0.21288,-0.3444,0.60158,76.311,45.447,14.479,8.353,2.2374
3.4583e-08,-1.1756,1.3179,0.21315,-0.34488,0.60354,76.324,45.148,14.541,8.3234,2.2444
3.3958e-08,-1.1705,1.3203,0.21359,-0.34355,0.6055,76.337,44.857,14.602,8.2939,2.2516
3.336e-08,-1.1654,1.323,0.21462,-0.34284,0.60744,76.35,44.576,14.664,8.2643,2.2591
3.2788e-08,-1.159,1.3255,0.21583,-0.34081,0.60937,76.362,44.303,14.726,8.2348,2.2668
3.2241e-08,-1.1533,1.3278,0.21544,-0.34001,0.61128,76.375,44.039,14.788,8.2054,2.2749
3.172e-08,-1.1468,1.3304,0.21567,-0.33956,0.61317,76.388,43.783,14.85,8.176,2.2832
3.1222e-08,-1.1407,1.3334,0.21508,-0.33714,0.61504,76.401,43.536,14.912,8.1466,2.2918
3.0747e-08,-1.1324,1.339,0.21518,-0.33548,0.61689,76.413,43.297,14.975,8.1172,2.3008
3.0296e-08,-1.1262,1.3498,0.21357,-0.33291,0.61872,76.426,43.066,15.037,8.088,2.31
2.9867e-08,-1.1197,1.3548,0.21255,-0.33131,0.62052,76.439,42.844,15.099,8.0587,2.3196
2.9459e-08,-1.1143,1.3592,0.21105,-0.32985,0.62228,76.452,42.63,15.161,8.0295,2.3294
2.9074e-08,-1.1079,1.3746,0.20921,-0.32447,0.62403,76.464,42.425,15.223,8.0004,2.3396
2.8709e-08,-1.1028,1.3792,0.20751,-0.3234,0.62573,76.477,42.227,15.285,7.9713,2.3501
2.8364e-08,-1.28,1.3854,0.2025,-0.32099,0.62741,76.489,42.037,15.347,7.9423,2.361
2.8039e-08,-1.0916,1.3921,0.19739,-0.31878,0.62905,76.502,41.856,15.409,7.9133,2.3722
2.7735e-08,-1.0827,1.4015,0.18775,-0.31522,0.63065,76.515,41.682,15.471,7.8844,2.3837
2.7449e-08,-1.075,1.4092,0.17603,-0.31389,0.63222,76.527,41.516,15.533,7.8555,2.3956
2.7182e-08,-1.0684,1.4148,0.16091,-0.31296,0.63374,76.54,41.357,15.594,7.8267,2.4079
2.6934e-08,-0.87716,1.4207,0.14601,-0.30979,0.63522,76.553,41.207,15.655,7.798,2.4205
2.6704e-08,-0.87243,1.4244,0.12992,-0.30869,0.63666,76.565,41.064,15.716,7.7694,2.4335
2.6491e-08,-0.86668,1.4316,0.11459,-0.30681,0.63805,76.578,40.928,15.777,7.7408,2.4469
2.6297e-08,-0.85809,1.4368,0.09909,-0.30475,0.6394,76.59,40.8,15.837,7.7123,2.4606
2.612e-08,-0.84911,1.4472,0.087162,-0.30079,0.64069,76.603,40.68,15.898,7.6839,2.4747
2.596e-08,-0.6601,1.4674,0.079174,-0.29606,0.64194,76.615,40.567,15.958,7.6555,2.4892
2.5818e-08,-0.65724,1.4686,0.076031,-0.29445,0.64314,76.628,40.461,16.017,7.6272,2.5041
2.5692e-08,-0.65818,1.4682,0.076771,-0.29328,0.64428,76.64,40.362,16.076,7.5991,2.5195
2.5583e-08,-0.6604,1.4662,0.082073,-0.29408,0.64536,76.653,40.271,16.135,7.571,2.5352
2.549e-08,-0.6627,1.4634,0.08644,-0.29316,0.6464,76.665,40.187,16.194,7.543,2.5513
2.5414e-08,-0.66572,1.4568,0.092577,-0.29487,0.64737,76.678,40.11,16.252,7.5151,2.5678
2.5354e-08,-0.66913,1.4536,0.098001,-0.29646,0.64829,76.69,40.04,16.31,7.4873,2.5848
2.5311e-08,-0.48731,1.4506,0.10533,-0.29493,0.64914,76.703,39.976,16.367,7.4596,2.6022
2.5284e-08,-0.4905,1.4461,0.11241,-0.29601,0.64994,76.715,39.92,16.424,7.432,2.62
2.5273e-08,-0.49417,1.4433,0.1198,-0.29592,0.65067,76.727,39.871,16.48,7.4045,2.6382
2.5278e-08,-0.49794,1.4398,0.12733,-0.29714,0.65134,76.74,39.828,16.536,7.3771,2.6569
2.53e-08,-0.5014,1.4374,0.13462,-0.29622,0.65195,76.752,39.792,16.592,7.3498,2.676
2.5338e-08,-0.50455,1.435,0.14121,-0.29591,0.65249,76.765,39.763,16.646,7.3226,2.6956
2.5393e-08,-0.50857,1.4327,0.14973,-0.2948,0.65297,76.777,39.741,16.701,7.2955,2.7156
2.5464e-08,-0.51368,1.4314,0.157,-0.2951,0.65338,76.789,39.725,16.754,7.2686,2.7361
2.5551e-08,-0.70077,1.4282,0.16492,-0.29384,0.65372,76.802,39.716,16.808,7.2418,2.757
2.5656e-08,-0.70645,1.4266,0.1719,-0.29318,0.654,76.814,39.713,16.86,7.2151,2.7784
2.5777e-08,-0.71088,1.4254,0.1783,-0.29348,0.6542,76.826,39.717,16.912,7.1885,2.8003
2.5915e-08,-0.71492,1.4252,0.1836,-0.29416,0.65434,76.839,39.727,16.963,7.1621,2.8226
2.6071e-08,-0.71875,1.4245,0.1886,-0.29315,0.65441,76.851,39.743,17.014,7.1358,2.8454
2.6244e-08,-0.72168,1.4208,0.19356,-0.29304,0.65441,76.863,39.766,17.064,7.1097,2.8687
2.6435e-08,-0.72557,1.4177,0.19717,-0.29119,0.65434,76.876,39.795,17.113,7.0836,2.8924
2.6644e-08,-0.72921,1.4172,0.19977,-0.28931,0.6542,76.888,39.83,17.161,7.0578,2.9166
2.6872e-08,-0.73356,1.4164,0.20117,-0.28878,0.65399,76.9,39.871,17.209,7.032,2.9413
2.7118e-08,-0.92153,1.4147,0.2018,-0.28805,0.6537,76.912,39.919,17.256,7.0065,2.9665
2.7383e-08,-0.92642,1.4115,0.20285,-0.28663,0.65335,76.925,39.972,17.303,6.981,2.9921
2.7668e-08,-0.93023,1.4126,0.20257,-0.28617,0.65293,76.937,40.032,17.348,6.9557,3.0182
2.7972e-08,-0.9367,1.4122,0.2009,-0.28549,0.65244,76.949,40.097,17.393,6.9306,3.0448
2.8297e-08,-0.94239,1.4108,0.19965,-0.28414,0.65188,76.961,40.169,17.437,6.9057,3.0719
2.8643e-08,-0.94899,1.4094,0.19817,-0.28288,0.65125,76.973,40.246,17.48,6.8809,3.0995
2.9009e-08,-0.95452,1.4069,0.19615,-0.28109,0.65055,76.985,40.329,17.522,6.8562,3.1276
2.9398e-08,-0.95963,1.4055,0.19537,-0.28023,0.64978,76.998,40.417,17.564,6.8318,3.1561
2.9808e-08,-0.96783,1.4046,0.19331,-0.28047,0.64894,77.01,40.512,17.605,6.8075,3.1851
3.0242e-08,-0.9763,1.3994,0.19133,-0.27813,0.64804,77.022,40.612,17.645,6.7834,3.2146
3.0698e-08,-0.79958,1.3986,0.1887,-0.27705,0.64707,77.034,40.717,17.684,6.7595,3.2446
3.1179e-08,-0.6228,1.3896,0.18607,-0.27348,0.64603,77.046,40.829,17.722,6.7357,3.275
3.1685e-08,-0.62951,1.3876,0.18572,-0.27256,0.64493,77.058,40.945,17.759,6.7121,3.3059
3.2215e-08,-0.63608,1.3845,0.18591,-0.2712,0.64377,77.07,41.067,17.795,6.6888,3.3373
3.2772e-08,-0.64145,1.3814,0.18597,-0.27037,0.64254,77.082,41.195,17.831,6.6656,3.3691
3.3356e-08,-0.64565,1.3762,0.18708,-0.26993,0.64125,77.094,41.327,17.866,6.6426,3.4014
3.3967e-08,-0.64633,1.3701,0.1904,-0.2699,0.63989,77.106,41.465,17.899,6.6198,3.4342
3.4606e-08,-1.0198,1.3658,0.1944,-0.26965,0.63848,77.119,41.608,17.932,6.5972,3.4674
3.5275e-08,-1.0203,1.3625,0.19768,-0.27203,0.63701,77.131,41.756,17.964,6.5748,3.501
3.5973e-08,-1.0206,1.3584,0.20025,-0.27201,0.63548,77.143,41.91,17.995,6.5526,3.5351
3.6703e-08,-1.2067,1.3517,0.20414,-0.27168,0.6339,77.155,42.068,18.026,6.5306,3.5696
3.7464e-08,-1.2052,1.3447,0.20672,-0.27206,0.63225,77.167,42.231,18.055,6.5088,3.6045
3.8258e-08,-1.3886,1.3536,0.20909,-0.27082,0.63056,77.179,42.399,18.083,6.4872,3.6399
3.9085e-08,-1.3864,1.3509,0.21177,-0.27065,0.62881,77.19,42.571,18.111,6.4659,3.6756
3.9947e-08,-1.387,1.3471,0.21387,-0.27137,0.62702,77.202,42.749,18.137,6.4447,3.7117
4.0845e-08,-1.3851,1.3468,0.21581,-0.27201,0.62517,77.214,42.931,18.163,6.4238,3.7483
4.178e-08,-1.3821,1.3383,0.2155,-0.27141,0.62327,77.226,43.117,18.187,6.4031,3.7851
4.2752e-08,-1.196,1.3358,0.21387,-0.27219,0.62133,77.238,43.308,18.211,6.3827,3.8224
4.3763e-08,-1.1927,1.3381,0.21282,-0.27106,0.61935,77.25,43.503,18.234,6.3624,3.86
4.4814e-08,-1.1903,1.3272,0.20983,-0.27168,0.61732,77.262,43.703,18.256,6.3424,3.8979
4.5906e-08,-1.0016,1.3229,0.20839,-0.27312,0.61525,77.274,43.907,18.277,6.3226,3.9361
4.704e-08,-0.99755,1.3192,0.20588,-0.2751,0.61314,77.286,44.115,18.297,6.3031,3.9747
4.8218e-08,-0.99423,1.3162,0.20332,-0.27498,0.611,77.298,44.327,18.316,6.2838,4.0135
4.944e-08,-0.99221,1.3137,0.19997,-0.27715,0.60881,77.31,44.543,18.335,6.2647,4.0526
5.0708e-08,-0.99194,1.312,0.19745,-0.27754,0.6066,77.321,44.762,18.352,6.2459,4.092
5.2024e-08,-0.98987,1.3033,0.19444,-0.27566,0.60435,77.333,44.986,18.369,6.2274,4.1316
5.3387e-08,-0.98802,1.2979,0.19203,-0.27666,0.60206,77.345,45.213,18.384,6.209,4.1714
5.48e-08,-0.98689,1.2965,0.18997,-0.27751,0.59976,77.357,45.444,18.399,6.191,4.2114
5.6264e-08,-0.98513,1.2914,0.18713,-0.27703,0.59742,77.369,45.678,18.413,6.1732,4.2516
5.778e-08,-0.98402,1.2865,0.18519,-0.27648,0.59506,77.38,45.915,18.426,6.1556,4.292
5.9349e-08,-0.98216,1.2827,0.18147,-0.27651,0.59267,77.392,46.156,18.438,6.1383,4.3325
6.0972e-08,-0.98102,1.2808,0.17833,-0.27651,0.59026,77.404,46.399,18.45,6.1213,4.3731
6.2651e-08,-0.97958,1.2758,0.17547,-0.27683,0.58783,77.416,46.646,18.461,6.1045,4.4138
6.4388e-08,-0.97778,1.2727,0.17202,-0.27693,0.58539,77.427,46.896,18.47,6.088,4.4546
6.6182e-08,-0.79299,1.2656,0.16982,-0.27649,0.58292,77.439,47.148,18.479,6.0717,4.4954
6.8036e-08,-0.79253,1.26,0.16658,-0.27631,0.58045,77.451,47.403,18.488,6.0558,4.5362
6.9951e-08,-0.7912,1.268,0.16276,-0.2789,0.57795,77.463,47.661,18.495,6.0401,4.5771
7.1928e-08,-0.79211,1.2672,0.15803,-0.27864,0.57545,77.474,47.921,18.502,6.0246,4.6178
7.3967e-08,-0.78944,1.2679,0.15266,-0.27874,0.57294,77.486,48.183,18.508,6.0095,4.6586
7.607e-08,-0.78711,1.2651,0.14887,-0.27947,0.57042,77.498,48.447,18.513,5.9946,4.6992
7.8239e-08,-0.60207,1.2619,0.14533,-0.27986,0.5679,77.509,48.713,18.517,5.98,4.7397
8.0473e-08,-0.60035,1.258,0.14153,-0.28066,0.56536,77.521,48.981,18.521,5.9657,4.7801
8.2775e-08,-0.59923,1.254,0.1357,-0.2821,0.56283,77.533,49.251,18.524,5.9517,4.8203
8.5144e-08,-0.41358,1.251,0.13011,-0.28288,0.5603,77.544,49.523,18.527,5.9379,4.8602
8.7582e-08,-0.41286,1.2487,0.12409,-0.28442,0.55776,77.556,49.796,18.528,5.9245,4.9
9.0089e-08,-0.41189,1.2453,0.11922,-0.28373,0.55523,77.567,50.07,18.529,5.9113,4.9394
9.2667e-08,-0.41335,1.243,0.11199,-0.28427,0.5527,77.579,50.345,18.53,5.8985,4.9786
9.5315e-08,-0.41434,1.2395,0.10836,-0.28469,0.55018,77.591,50.621,18.529,5.8859,5.0174
9.8035e-08,-0.41486,1.2353,0.10473,-0.28378,0.54766,77.602,50.899,18.529,5.8736,5.0558
1.0083e-07,-0.41228,1.2322,0.1013,-0.28374,0.54515,77.614,51.177,18.527,5.8617,5.0939
1.0369e-07,-0.41207,1.2292,0.099405,-0.28334,0.54265,77.625,51.455,18.525,5.85,5.1314
1.0662e-07,-0.41153,1.2261,0.097415,-0.28354,0.54017,77.637,51.734,18.523,5.8386,5.1686
1.0963e-07,-0.41169,1.2233,0.094571,-0.28431,0.53769,77.648,52.013,18.519,5.8276,5.2052
1.1271e-07,-0.41229,1.2191,0.092474,-0.28445,0.53523,77.66,52.292,18.516,5.8168,5.2413
1.1586e-07,-0.41298,1.2148,0.09126,-0.28487,0.53278,77.671,52.572,18.512,5.8064,5.2768
1.1908e-07,-0.41298,1.2093,0.089083,-0.2849,0.53035,77.683,52.851,18.507,5.7962,5.3117
1.2238e-07,-0.23037,1.2043,0.089034,-0.28449,0.52793,77.694,53.129,18.502,5.7864,5.3459
1.2574e-07,-0.23147,1.2003,0.089263,-0.28574,0.52553,77.706,53.407,18.496,5.7769,5.3795
1.2918e-07,-0.23411,1.1984,0.089592,-0.2862,0.52316,77.717,53.685,18.49,5.7677,5.4123
1.3268e-07,-0.23384,1.1951,0.089246,-0.28369,0.5208,77.729,53.961,18.484,5.7588,5.4444
1.3625e-07,-0.42126,1.1925,0.090173,-0.28291,0.51847,77.74,54.237,18.477,5.7503,5.4758
1.3989e-07,-0.42418,1.1884,0.091421,-0.28125,0.51616,77.751,54.512,18.47,5.742,5.5063
1.4359e-07,-0.42668,1.186,0.092054,-0.28021,0.51387,77.763,54.785,18.462,5.7341,5.5359
1.4736e-07,-0.42821,1.183,0.093975,-0.27927,0.51161,77.774,55.057,18.454,5.7265,5.5647
1.5118e-07,-0.43209,1.1793,0.095295,-0.278,0.50937,77.786,55.327,18.446,5.7192,5.5926
1.5507e-07,-0.43401,1.1755,0.096043,-0.27685,0.50716,77.797,55.595,18.437,5.7123,5.6195
1.5902e-07,-0.43665,1.1716,0.096718,-0.27594,0.50498,77.808,55.862,18.429,5.7057,5.6454
1.6302e-07,-0.44027,1.1685,0.09735,-0.27611,0.50282,77.82,56.126,18.419,5.6994,5.6704
1.6707e-07,-0.62658,1.1646,0.097434,-0.27473,0.5007,77.831,56.388,18.41,5.6935,5.6943
1.7117e-07,-0.63018,1.1617,0.097509,-0.27434,0.4986,77.842,56.648,18.4,5.6879,5.7171
1.7532e-07,-0.63246,1.1583,0.097237,-0.27251,0.49654,77.854,56.906,18.39,5.6826,5.7388
1.7952e-07,-0.63361,1.1556,0.096595,-0.2711,0.4945,77.865,57.16,18.38,5.6777,5.7594
1.8375e-07,-0.44804,1.1529,0.094676,-0.27063,0.4925,77.876,57.412,18.37,5.6731,5.7789
1.8802e-07,-0.45229,1.1508,0.091621,-0.27023,0.49054,77.888,57.661,18.359,5.6689,5.7972
1.9233e-07,-0.083668,1.1487,0.088743,-0.26897,0.4886,77.899,57.907,18.349,5.665,5.8143
1.9667e-07,-0.086165,1.1467,0.086364,-0.26758,0.4867,77.91,58.15,18.338,5.6614,5.8302
2.0103e-07,-0.27493,1.1448,0.082731,-0.26691,0.48483,77.921,58.39,18.327,5.6582,5.8448
2.0541e-07,-0.27849,1.1426,0.079628,-0.26652,0.483,77.933,58.626,18.316,5.6553,5.8582
2.0982e-07,-0.28231,1.1415,0.07635,-0.26578,0.4812,77.944,58.859,18.305,5.6528,5.8702
2.1423e-07,-0.28829,1.1397,0.074702,-0.26438,0.47944,77.955,59.088,18.293,5.6506,5.881
2.1866e-07,-0.10958,1.1375,0.072444,-0.26248,0.47772,77.966,59.313,18.282,5.6488,5.8905
2.2309e-07,-0.11176,1.1363,0.070244,-0.26202,0.47603,77.978,59.534,18.271,5.6474,5.8986
2.2752e-07,-0.11318,1.1342,0.070174,-0.26056,0.47438,77.989,59.751,18.26,5.6463,5.9054
2.3194e-07,-0.29778,1.1334,0.070046,-0.25891,0.47277,78,59.965,18.248,5.6455,5.9108
2.3636e-07,-0.48287,1.1333,0.070268,-0.25613,0.47119,78.011,60.174,18.237,5.6452,5.9148
2.4076e-07,-0.30003,1.1312,0.069052,-0.2536,0.46965,78.022,60.378,18.225,5.6451,5.9175
2.4514e-07,-0.30005,1.1296,0.06876,-0.25143,0.46815,78.033,60.579,18.214,5.6455,5.9188
2.495e-07,-0.30139,1.1295,0.070181,-0.24996,0.46669,78.045,60.775,18.203,5.6462,5.9187
2.5382e-07,-0.49137,1.1289,0.07184,-0.24794,0.46526,78.056,60.966,18.192,5.6473,5.9172
2.5811e-07,-0.30909,1.1275,0.072401,-0.24454,0.46388,78.067,61.153,18.18,5.6487,5.9143
2.6237e-07,-0.30978,1.1274,0.072981,-0.24223,0.46253,78.078,61.335,18.169,5.6505,5.91
2.6657e-07,-0.4945,1.1275,0.072693,-0.2405,0.46122,78.089,61.513,18.158,5.6527,5.9042
2.7073e-07,-0.4941,1.1285,0.073168,-0.23911,0.45995,78.1,61.686,18.148,5.6552,5.8971
2.7483e-07,-0.31254,1.1303,0.073865,-0.23742,0.45872,78.111,61.854,18.137,5.6582,5.8886
2.7887e-07,-0.13026,1.1316,0.072365,-0.23527,0.45753,78.122,62.017,18.126,5.6615,5.8787
2.8285e-07,-0.13318,1.1343,0.070302,-0.23307,0.45638,78.133,62.175,18.116,5.6651,5.8675
2.8676e-07,-0.13387,1.1369,0.067991,-0.23096,0.45527,78.144,62.328,18.106,5.6692,5.8548
2.9059e-07,-0.13756,1.1387,0.066812,-0.2282,0.45419,78.155,62.477,18.096,5.6736,5.8408
2.9435e-07,-0.13625,1.1422,0.062314,-0.22657,0.45316,78.166,62.62,18.086,5.6785,5.8254
2.9802e-07,-0.13982,1.1452,0.058889,-0.22398,0.45216,78.177,62.759,18.076,5.6836,5.8087
3.0161e-07,-0.14418,1.1486,0.052778,-0.22249,0.4512,78.188,62.892,18.066,5.6892,5.7907
3.051e-07,-0.14728,1.1513,0.046518,-0.22008,0.45028,78.199,63.021,18.057,5.6952,5.7713
3.085e-07,-0.14847,1.154,0.041599,-0.21972,0.4494,78.21,63.144,18.048,5.7015,5.7507
3.118e-07,-0.15211,1.1588,0.036419,-0.21852,0.44856,78.221,63.263,18.039,5.7083,5.7288
3.15e-07,-0.15108,1.1628,0.033396,-0.21822,0.44775,78.232,63.376,18.031,5.7154,5.7057
3.181e-07,-0.14814,1.1679,0.029043,-0.21729,0.44699,78.243,63.485,18.022,5.7229,5.6813
3.2108e-07,-0.1465,1.173,0.02192,-0.2167,0.44626,78.254,63.589,18.014,5.7309,5.6557
3.2396e-07,0.22533,1.1777,0.016225,-0.21709,0.44557,78.265,63.688,18.007,5.7392,5.629
3.2672e-07,0.22938,1.1825,0.011708,-0.21695,0.44492,78.276,63.782,17.999,5.7479,5.6011
3.2937e-07,0.23511,1.187,0.0073316,-0.21703,0.4443,78.287,63.871,17.992,5.757,5.572
3.3189e-07,0.24008,1.1913,0.0012292,-0.21656,0.44372,78.298,63.956,17.985,5.7665,5.5419
3.343e-07,0.24359,1.196,-0.003027,-0.21663,0.44318,78.309,64.036,17.979,5.7764,5.5107
3.3659e-07,0.2487,1.1996,-0.0070675,-0.21693,0.44268,78.32,64.111,17.972,5.7867,5.4784
3.3875e-07,-0.11832,1.2039,-0.010931,-0.21706,0.44221,78.331,64.182,17.967,5.7974,5.4452
3.408e-07,0.070354,1.2083,-0.015156,-0.21749,0.44178,78.341,64.248,17.961,5.8085,5.411
3.4271e-07,0.26061,1.2133,-0.018249,-0.21756,0.44138,78.352,64.31,17.956,5.82,5.3758
3.4451e-07,0.078929,1.2185,-0.023046,-0.21781,0.44102,78.363,64.367,17.951,5.8319,5.3397
3.4617e-07,0.082923,1.2235,-0.025398,-0.21832,0.44069,78.374,64.421,17.946,5.8442,5.3028
3.4772e-07,0.084887,1.2285,-0.02779,-0.21867,0.4404,78.385,64.47,17.942,5.8569,5.265
3.4913e-07,0.090827,1.2331,-0.031265,-0.21954,0.44014,78.396,64.515,17.938,5.8701,5.2263
3.5043e-07,0.094644,1.2374,-0.034297,-0.21988,0.43991,78.406,64.557,17.935,5.8836,5.187
3.516e-07,0.09723,1.2428,-0.037195,-0.21922,0.43972,78.417,64.594,17.932,5.8976,5.1468
3.5265e-07,0.10077,1.2474,-0.040927,-0.21964,0.43957,78.428,64.628,17.929,5.9119,5.106
3.5357e-07,0.10414,1.252,-0.044943,-0.22022,0.43944,78.439,64.658,17.927,5.9267,5.0645
3.5438e-07,0.10691,1.2561,-0.048119,-0.22086,0.43935,78.449,64.685,17.925,5.9419,5.0224
3.5507e-07,0.10524,1.2606,-0.051278,-0.2204,0.43929,78.46,64.708,17.923,5.9575,4.9797
3.5565e-07,0.10749,1.2647,-0.053594,-0.22046,0.43926,78.471,64.728,17.922,5.9736,4.9365
3.5611e-07,-0.076524,1.2688,-0.05704,-0.22036,0.43926,78.482,64.745,17.921,5.99,4.8927
3.5646e-07,0.11076,1.2725,-0.058969,-0.22071,0.43929,78.492,64.759,17.921,6.0069,4.8485
3.567e-07,0.11187,1.2769,-0.060819,-0.22069,0.43935,78.503,64.77,17.921,6.0242,4.8038
3.5683e-07,-0.072483,1.2809,-0.06186,-0.21974,0.43945,78.514,64.779,17.921,6.0419,4.7586
3.5686e-07,-0.072914,1.2848,-0.062534,-0.21968,0.43957,78.524,64.784,17.922,6.06,4.7132
3.5679e-07,-0.071935,1.2887,-0.061588,-0.22047,0.43972,78.535,64.788,17.923,6.0785,4.6674
3.5662e-07,-0.25611,1.292,-0.060117,-0.21993,0.4399,78.546,64.789,17.925,6.0975,4.6212
3.5636e-07,-0.25538,1.2957,-0.060058,-0.21934,0.4401,78.556,64.788,17.926,6.1169,4.5749
3.5601e-07,-0.25642,1.2992,-0.058557,-0.2193,0.44033,78.567,64.785,17.929,6.1367,4.5282
3.5557e-07,-0.25714,1.3029,-0.056262,-0.21953,0.44059,78.578,64.78,17.932,6.1569,4.4814
3.5504e-07,-0.25959,1.3061,-0.055171,-0.21973,0.44088,78.588,64.774,17.935,6.1776,4.4345
3.5443e-07,-0.076965,1.3083,-0.053494,-0.22135,0.44119,78.599,64.766,17.938,6.1986,4.3874
3.5375e-07,-0.077237,1.31,-0.050298,-0.22295,0.44153,78.61,64.756,17.942,6.2201,4.3402
3.5299e-07,-0.26132,1.313,-0.049415,-0.22509,0.44189,78.62,64.746,17.947,6.2421,4.2929
3.5217e-07,-0.262,1.3151,-0.049874,-0.22745,0.44228,78.631,64.734,17.952,6.2644,4.2456
3.5127e-07,-0.079048,1.3173,-0.049062,-0.22902,0.44269,78.641,64.721,17.957,6.2872,4.1983
3.5032e-07,-0.076973,1.3191,-0.049401,-0.23133,0.44312,78.652,64.708,17.962,6.3104,4.151
3.4931e-07,-0.073625,1.3211,-0.049495,-0.23299,0.44358,78.663,64.694,17.968,6.334,4.1038
3.4824e-07,0.11023,1.322,-0.048872,-0.2332,0.44406,78.673,64.68,17.975,6.358,4.0566
3.4712e-07,-0.073153,1.3228,-0.049349,-0.23515,0.44456,78.684,64.665,17.981,6.3825,4.0096
3.4595e-07,-0.25627,1.3242,-0.049934,-0.23639,0.44508,78.694,64.65,17.989,6.4073,3.9627
3.4475e-07,-0.25707,1.3257,-0.050086,-0.23726,0.44562,78.705,64.636,17.996,6.4326,3.9159
3.435e-07,-0.25856,1.3259,-0.050972,-0.23859,0.44618,78.715,64.621,18.004,6.4584,3.8694
3.4221e-07,-0.075564,1.3275,-0.052072,-0.23942,0.44676,78.726,64.607,18.012,6.4845,3.823
3.409e-07,-0.077517,1.3278,-0.053263,-0.24058,0.44736,78.736,64.593,18.021,6.511,3.7769
3.3955e-07,-0.081047,1.3276,-0.054516,-0.24107,0.44798,78.747,64.58,18.03,6.538,3.7311
3.3819e-07,-0.084167,1.3287,-0.057096,-0.24276,0.44861,78.757,64.568,18.039,6.5654,3.6855
3.3679e-07,-0.08929,1.3292,-0.058823,-0.24277,0.44926,78.768,64.557,18.049,6.5932,3.6402
3.3539e-07,-0.095144,1.3296,-0.061358,-0.24464,0.44993,78.778,64.547,18.059,6.6214,3.5953
3.3396e-07,-0.10039,1.3292,-0.064379,-0.24577,0.45062,78.788,64.538,18.07,6.6501,3.5506
3.3253e-07,0.077298,1.3286,-0.066568,-0.24602,0.45132,78.799,64.531,18.081,6.6791,3.5064
3.3109e-07,0.25597,1.328,-0.069176,-0.24639,0.45203,78.809,64.525,18.092,6.7085,3.4625
3.2964e-07,0.24702,1.3277,-0.071417,-0.24728,0.45276,78.82,64.521,18.103,6.7384,3.419
3.2819e-07,0.23832,1.3257,-0.073738,-0.24715,0.45351,78.83,64.519,18.115,6.7687,3.3759
