4.3553e-07,-0.12463,0.99397,-0.054687,-0.53403,0.51095,85.69,87.587,12.619,33.224,1.8628
4.3437e-07,-0.22239,0.99639,-0.053728,-0.53363,0.5106,85.718,87.515,12.592,33.211,1.8611
4.3323e-07,-0.20546,0.99822,-0.05235,-0.53328,0.51025,85.745,87.442,12.564,33.198,1.8595
4.321e-07,-0.18076,1,-0.049129,-0.53287,0.5099,85.773,87.37,12.537,33.184,1.8578
4.3099e-07,-0.26642,1.002,-0.044626,-0.5324,0.50956,85.8,87.299,12.51,33.17,1.8562
4.299e-07,-0.079084,1.0039,-0.037861,-0.53202,0.50921,85.828,87.228,12.483,33.156,1.8544
4.2882e-07,-0.055528,1.006,-0.02937,-0.53157,0.50886,85.855,87.157,12.457,33.141,1.8527
4.2776e-07,0.073566,1.0081,-0.02102,-0.53127,0.50851,85.883,87.086,12.431,33.126,1.8509
4.2671e-07,0.092312,1.0102,-0.013082,-0.53105,0.50816,85.91,87.016,12.405,33.111,1.8491
4.2568e-07,0.0010552,1.0124,-0.0042711,-0.53074,0.50781,85.938,86.947,12.379,33.095,1.8472
4.2467e-07,0.022165,1.0138,0.0050412,-0.53048,0.50746,85.965,86.877,12.354,33.079,1.8454
4.2367e-07,0.040359,1.0164,0.014889,-0.53018,0.50711,85.993,86.808,12.328,33.063,1.8435
4.2268e-07,0.05964,1.0194,0.025503,-0.52968,0.50676,86.02,86.74,12.303,33.046,1.8416
4.2172e-07,0.074433,1.0211,0.036294,-0.52927,0.50641,86.048,86.671,12.278,33.03,1.8396
4.2077e-07,0.08922,1.0232,0.046501,-0.52889,0.50606,86.075,86.603,12.254,33.012,1.8376
4.1983e-07,0.10539,1.0241,0.056815,-0.52808,0.50571,86.103,86.536,12.23,32.995,1.8356
4.1891e-07,0.11714,1.0258,0.065571,-0.52686,0.50536,86.13,86.469,12.205,32.977,1.8336
4.1801e-07,0.12132,1.0287,0.074115,-0.52621,0.50501,86.158,86.402,12.182,32.959,1.8315
4.1712e-07,0.21736,1.0305,0.080415,-0.52554,0.50466,86.185,86.336,12.158,32.94,1.8294
4.1625e-07,0.11406,1.0325,0.083228,-0.52472,0.50431,86.213,86.27,12.134,32.921,1.8272
4.1539e-07,0.012414,1.0343,0.084791,-0.52378,0.50396,86.24,86.204,12.111,32.902,1.8251
4.1455e-07,0.023433,1.0358,0.085598,-0.52287,0.50361,86.268,86.139,12.088,32.883,1.8229
4.1372e-07,-0.050838,1.0374,0.086576,-0.52197,0.50325,86.295,86.074,12.065,32.863,1.8207
4.1291e-07,-0.025457,1.0387,0.083904,-0.5212,0.5029,86.323,86.01,12.043,32.843,1.8184
4.1212e-07,-0.012057,1.0406,0.07704,-0.52016,0.50255,86.35,85.946,12.021,32.823,1.8161
4.1134e-07,0.094757,1.0424,0.068808,-0.51949,0.5022,86.378,85.883,11.998,32.802,1.8138
4.1057e-07,0.072515,1.0436,0.060482,-0.51884,0.50185,86.405,85.819,11.977,32.781,1.8115
4.0982e-07,-0.062297,1.0441,0.054172,-0.51817,0.50149,86.432,85.757,11.955,32.76,1.8091
4.0909e-07,-0.068632,1.0462,0.047991,-0.51697,0.50114,86.46,85.694,11.933,32.739,1.8068
4.0837e-07,-0.18323,1.0475,0.042768,-0.51605,0.50079,86.487,85.632,11.912,32.717,1.8043
4.0766e-07,-0.080113,1.0485,0.03752,-0.51612,0.50044,86.515,85.571,11.891,32.695,1.8019
4.0697e-07,0.23659,1.0499,0.032223,-0.51532,0.50008,86.542,85.51,11.87,32.672,1.7994
4.0629e-07,0.22882,1.0511,0.026729,-0.51445,0.49973,86.57,85.449,11.85,32.65,1.7969
4.0563e-07,0.22014,1.052,0.022227,-0.51418,0.49938,86.597,85.389,11.829,32.627,1.7944
4.0499e-07,0.32384,1.053,0.018339,-0.51355,0.49903,86.625,85.329,11.809,32.603,1.7918
4.0435e-07,0.32018,1.0534,0.014574,-0.51315,0.49868,86.652,85.27,11.789,32.58,1.7892
4.0374e-07,0.31591,1.0536,0.011329,-0.51289,0.49832,86.679,85.211,11.769,32.556,1.7866
4.0314e-07,0.2022,1.0541,0.0075739,-0.51223,0.49797,86.707,85.152,11.75,32.532,1.7839
4.0255e-07,0.1969,1.0547,0.0034523,-0.51138,0.49762,86.734,85.094,11.731,32.507,1.7813
4.0197e-07,0.19088,1.0553,-0.0011165,-0.5107,0.49727,86.762,85.036,11.711,32.483,1.7786
4.0142e-07,0.18239,1.0561,-0.0055575,-0.50947,0.49692,86.789,84.979,11.693,32.458,1.7758
4.0087e-07,0.17105,1.0565,-0.010684,-0.50866,0.49656,86.816,84.922,11.674,32.433,1.7731
4.0034e-07,0.2645,1.0572,-0.015742,-0.50746,0.49621,86.844,84.866,11.655,32.407,1.7703
3.9983e-07,0.14431,1.0584,-0.020565,-0.50637,0.49586,86.871,84.81,11.637,32.381,1.7675
3.9933e-07,0.24656,1.0591,-0.026673,-0.50539,0.49551,86.898,84.754,11.619,32.355,1.7647
3.9884e-07,0.24178,1.0599,-0.032598,-0.50445,0.49516,86.926,84.699,11.601,32.329,1.7618
3.9837e-07,0.12665,1.0606,-0.03658,-0.5036,0.49481,86.953,84.644,11.583,32.302,1.7589
3.9791e-07,0.12078,1.0613,-0.040209,-0.50272,0.49446,86.98,84.59,11.566,32.275,1.756
3.9746e-07,0.11569,1.0619,-0.043933,-0.50187,0.49411,87.008,84.536,11.549,32.248,1.753
3.9703e-07,0.11205,1.0626,-0.047233,-0.50117,0.49375,87.035,84.483,11.531,32.221,1.7501
3.9662e-07,0.21623,1.0631,-0.050093,-0.50051,0.4934,87.062,84.43,11.515,32.193,1.7471
3.9621e-07,0.21983,1.0637,-0.054195,-0.5,0.49305,87.089,84.377,11.498,32.165,1.744
3.9583e-07,0.25275,1.064,-0.059206,-0.49943,0.4927,87.117,84.325,11.481,32.137,1.741
3.9545e-07,0.26172,1.0646,-0.065498,-0.49877,0.49236,87.144,84.274,11.465,32.109,1.7379
3.9509e-07,0.16943,1.0651,-0.072128,-0.49792,0.49201,87.171,84.223,11.449,32.08,1.7348
3.9475e-07,0.17352,1.0655,-0.078648,-0.49716,0.49166,87.198,84.172,11.433,32.051,1.7317
3.9441e-07,0.27904,1.066,-0.08495,-0.49652,0.49131,87.226,84.122,11.417,32.022,1.7285
3.941e-07,0.27217,1.0678,-0.090612,-0.49614,0.49096,87.253,84.072,11.402,31.993,1.7254
3.9379e-07,0.26593,1.0681,-0.096474,-0.49561,0.49061,87.28,84.023,11.387,31.963,1.7222
3.935e-07,0.25644,1.0694,-0.10174,-0.49515,0.49026,87.307,83.974,11.371,31.933,1.7189
3.9322e-07,0.35561,1.0698,-0.10648,-0.49463,0.48992,87.335,83.926,11.357,31.903,1.7157
3.9296e-07,0.34256,1.0707,-0.11085,-0.49422,0.48957,87.362,83.878,11.342,31.872,1.7124
3.9271e-07,0.41633,1.0715,-0.11492,-0.49352,0.48922,87.389,83.83,11.327,31.842,1.7091
3.9247e-07,0.28804,1.0727,-0.12097,-0.4929,0.48888,87.416,83.783,11.313,31.811,1.7058
3.9225e-07,0.27693,1.0738,-0.12641,-0.49236,0.48853,87.443,83.737,11.299,31.78,1.7024
3.9204e-07,0.37613,1.075,-0.13118,-0.49171,0.48818,87.47,83.69,11.285,31.749,1.6991
3.9185e-07,0.36765,1.0764,-0.136,-0.49119,0.48784,87.497,83.645,11.271,31.717,1.6957
3.9166e-07,0.35648,1.0777,-0.14039,-0.49053,0.48749,87.524,83.6,11.257,31.685,1.6922
3.915e-07,0.23924,1.0796,-0.14431,-0.48967,0.48715,87.552,83.555,11.244,31.653,1.6888
3.9134e-07,0.2271,1.0812,-0.14708,-0.48894,0.48681,87.579,83.511,11.23,31.621,1.6853
3.912e-07,0.32706,1.0821,-0.14992,-0.488,0.48646,87.606,83.467,11.217,31.589,1.6818
3.9107e-07,0.31837,1.0844,-0.15133,-0.48718,0.48612,87.633,83.424,11.204,31.556,1.6783
3.9096e-07,0.31144,1.0859,-0.15127,-0.4865,0.48578,87.66,83.381,11.192,31.523,1.6748
3.9086e-07,0.41384,1.0874,-0.14976,-0.48577,0.48543,87.687,83.338,11.179,31.49,1.6713
3.9077e-07,0.19138,1.0896,-0.14708,-0.48499,0.48509,87.714,83.296,11.167,31.457,1.6677
3.9069e-07,0.075334,1.0915,-0.14277,-0.4845,0.48475,87.741,83.255,11.155,31.423,1.6641
3.9063e-07,-0.038061,1.0929,-0.13757,-0.48384,0.48441,87.768,83.214,11.143,31.39,1.6605
3.9058e-07,0.064845,1.095,-0.13138,-0.48346,0.48407,87.795,83.174,11.131,31.356,1.6568
3.9055e-07,0.060827,1.0966,-0.12454,-0.48254,0.48373,87.822,83.134,11.119,31.322,1.6532
3.9053e-07,-0.06101,1.0987,-0.11692,-0.48189,0.48339,87.849,83.094,11.108,31.287,1.6495
3.9052e-07,-0.076141,1.1003,-0.10975,-0.48127,0.48305,87.876,83.055,11.096,31.253,1.6458
3.9053e-07,-0.21771,1.1025,-0.10311,-0.48077,0.48271,87.902,83.016,11.085,31.218,1.6421
3.9054e-07,-0.11872,1.1045,-0.097193,-0.48013,0.48238,87.929,82.978,11.074,31.183,1.6383
3.9058e-07,-0.13657,1.1065,-0.092993,-0.4793,0.48204,87.956,82.941,11.064,31.148,1.6345
3.9062e-07,-0.25907,1.1083,-0.088437,-0.47876,0.4817,87.983,82.904,11.053,31.113,1.6308
3.9068e-07,-0.27132,1.1104,-0.083622,-0.47825,0.48137,88.01,82.867,11.043,31.078,1.627
3.9075e-07,-0.39781,1.1119,-0.079351,-0.47762,0.48103,88.037,82.831,11.032,31.042,1.6231
3.9083e-07,-0.40449,1.1139,-0.075679,-0.47678,0.4807,88.064,82.795,11.022,31.006,1.6193
3.9093e-07,-0.4089,1.1158,-0.071786,-0.47593,0.48036,88.09,82.76,11.012,30.97,1.6155
3.9104e-07,-0.52011,1.1177,-0.070127,-0.47542,0.48003,88.117,82.725,11.003,30.934,1.6116
3.9116e-07,-0.52212,1.1195,-0.069032,-0.47442,0.4797,88.144,82.691,10.993,30.898,1.6077
3.913e-07,-0.41621,1.1215,-0.068267,-0.47397,0.47937,88.171,82.657,10.983,30.861,1.6038
3.9145e-07,-0.20446,1.1232,-0.069322,-0.47335,0.47904,88.197,82.624,10.974,30.825,1.5998
3.9161e-07,-0.10057,1.1251,-0.068698,-0.47269,0.47871,88.224,82.591,10.965,30.788,1.5959
3.9179e-07,0.082186,1.1272,-0.068083,-0.47195,0.47838,88.251,82.558,10.956,30.751,1.5919
3.9198e-07,0.077228,1.1288,-0.067531,-0.47145,0.47805,88.278,82.526,10.947,30.714,1.588
3.9218e-07,0.1956,1.1305,-0.066204,-0.47069,0.47772,88.304,82.495,10.939,30.676,1.584
3.9239e-07,0.20499,1.1323,-0.064751,-0.47021,0.47739,88.331,82.464,10.93,30.639,1.5799
3.9262e-07,0.21236,1.1337,-0.062847,-0.46943,0.47706,88.358,82.434,10.922,30.601,1.5759
3.9286e-07,0.21822,1.1353,-0.061071,-0.46864,0.47674,88.384,82.404,10.914,30.563,1.5719
3.9311e-07,0.22597,1.1365,-0.058657,-0.46803,0.47641,88.411,82.374,10.906,30.526,1.5678
3.9338e-07,0.23426,1.1375,-0.055977,-0.4675,0.47609,88.437,82.345,10.898,30.488,1.5637
3.9366e-07,0.2415,1.1388,-0.052892,-0.46671,0.47576,88.464,82.317,10.89,30.449,1.5596
3.9395e-07,0.24853,1.1397,-0.04956,-0.46568,0.47544,88.49,82.289,10.883,30.411,1.5555
3.9425e-07,0.14612,1.1405,-0.045893,-0.46473,0.47512,88.517,82.261,10.876,30.373,1.5514
3.9457e-07,0.15207,1.1411,-0.041851,-0.4639,0.4748,88.544,82.234,10.868,30.334,1.5473
3.949e-07,0.1576,1.1417,-0.03807,-0.46305,0.47448,88.57,82.208,10.861,30.295,1.5431
3.9525e-07,0.16461,1.1421,-0.034319,-0.46227,0.47416,88.597,82.182,10.854,30.256,1.539
3.956e-07,0.17121,1.1419,-0.0302,-0.4612,0.47384,88.623,82.156,10.848,30.217,1.5348
3.9597e-07,0.17723,1.1421,-0.026096,-0.4601,0.47352,88.649,82.131,10.841,30.178,1.5306
3.9635e-07,0.18286,1.1418,-0.02252,-0.45921,0.4732,88.676,82.107,10.835,30.139,1.5264
3.9675e-07,0.18799,1.1415,-0.018996,-0.45814,0.47289,88.702,82.083,10.828,30.1,1.5222
3.9716e-07,0.19424,1.1407,-0.01577,-0.45713,0.47257,88.729,82.059,10.822,30.06,1.518
3.9758e-07,0.20189,1.1398,-0.012071,-0.45599,0.47226,88.755,82.036,10.816,30.021,1.5137
3.9801e-07,0.42598,1.1392,-0.0079339,-0.45506,0.47194,88.781,82.013,10.811,29.981,1.5095
3.9846e-07,0.32518,1.1387,-0.0033468,-0.45435,0.47163,88.808,81.991,10.805,29.941,1.5052
3.9892e-07,0.33288,1.1382,-0.00014074,-0.45364,0.47132,88.834,81.969,10.799,29.901,1.5009
3.9939e-07,0.23125,1.1376,0.0034247,-0.45297,0.47101,88.86,81.948,10.794,29.861,1.4967
3.9988e-07,0.23665,1.137,0.0083714,-0.45242,0.4707,88.887,81.928,10.789,29.821,1.4924
4.0037e-07,0.13329,1.1364,0.013131,-0.45178,0.47039,88.913,81.907,10.784,29.781,1.488
4.0088e-07,0.13679,1.1358,0.01768,-0.45134,0.47008,88.939,81.888,10.779,29.74,1.4837
4.0141e-07,0.14348,1.1353,0.02254,-0.45055,0.46978,88.965,81.869,10.774,29.7,1.4794
4.0195e-07,0.15176,1.1348,0.027968,-0.44982,0.46947,88.992,81.85,10.769,29.659,1.4751
4.0249e-07,0.051387,1.1341,0.032802,-0.44915,0.46917,89.018,81.832,10.765,29.619,1.4707
4.0306e-07,0.056826,1.1336,0.03748,-0.44831,0.46886,89.044,81.814,10.76,29.578,1.4664
4.0363e-07,-0.045482,1.1333,0.040896,-0.44758,0.46856,89.07,81.797,10.756,29.537,1.462
4.0422e-07,-0.04003,1.1331,0.043364,-0.4468,0.46826,89.096,81.78,10.752,29.496,1.4576
4.0482e-07,-0.036945,1.133,0.045719,-0.44605,0.46796,89.122,81.764,10.748,29.455,1.4533
4.0544e-07,-0.035017,1.1328,0.047614,-0.44527,0.46766,89.149,81.748,10.744,29.414,1.4489
4.0606e-07,-0.032673,1.1324,0.0493,-0.44428,0.46736,89.175,81.733,10.74,29.373,1.4445
4.067e-07,0.075301,1.1323,0.050903,-0.44342,0.46706,89.201,81.718,10.737,29.332,1.4401
4.0735e-07,0.072332,1.1321,0.051407,-0.44249,0.46676,89.227,81.703,10.733,29.291,1.4357
4.0802e-07,0.062943,1.1321,0.053021,-0.44168,0.46647,89.253,81.69,10.73,29.25,1.4312
4.087e-07,0.16485,1.1323,0.053769,-0.44085,0.46617,89.279,81.676,10.727,29.208,1.4268
4.0939e-07,0.15899,1.1325,0.053843,-0.44027,0.46588,89.305,81.663,10.724,29.167,1.4224
4.1009e-07,0.15435,1.1325,0.053545,-0.43906,0.46559,89.331,81.651,10.721,29.125,1.418
4.1081e-07,0.15009,1.1327,0.053363,-0.438,0.4653,89.357,81.639,10.718,29.084,1.4135
4.1154e-07,0.14786,1.1332,0.053386,-0.43706,0.46501,89.383,81.628,10.715,29.042,1.4091
4.1228e-07,0.2585,1.134,0.052849,-0.43604,0.46472,89.409,81.617,10.713,29.001,1.4046
4.1304e-07,0.15731,1.1345,0.052467,-0.43518,0.46443,89.434,81.606,10.71,28.959,1.4001
4.1381e-07,0.1676,1.1354,0.051683,-0.43429,0.46414,89.46,81.596,10.708,28.917,1.3957
4.1459e-07,0.18198,1.1356,0.051465,-0.43322,0.46386,89.486,81.587,10.706,28.875,1.3912
4.1538e-07,0.19446,1.1367,0.049447,-0.43238,0.46358,89.512,81.578,10.704,28.833,1.3867
4.1619e-07,0.20293,1.1376,0.047779,-0.43139,0.46329,89.538,81.57,10.702,28.792,1.3823
4.1701e-07,0.3176,1.139,0.046721,-0.43037,0.46301,89.564,81.562,10.7,28.75,1.3778
4.1784e-07,0.21518,1.14,0.04559,-0.42952,0.46273,89.589,81.554,10.699,28.708,1.3733
4.1869e-07,0.32886,1.1417,0.045304,-0.42873,0.46245,89.615,81.547,10.697,28.666,1.3688
4.1955e-07,0.33416,1.1431,0.045725,-0.42781,0.46217,89.641,81.541,10.696,28.624,1.3643
4.2042e-07,0.33993,1.1444,0.04625,-0.42703,0.4619,89.666,81.534,10.695,28.582,1.3598
4.2131e-07,0.23731,1.1458,0.046038,-0.42619,0.46162,89.692,81.529,10.693,28.54,1.3553
4.222e-07,0.2427,1.1475,0.0472,-0.42507,0.46134,89.718,81.524,10.692,28.497,1.3508
4.2312e-07,0.24365,1.1491,0.048394,-0.42401,0.46107,89.743,81.519,10.692,28.455,1.3463
4.2404e-07,0.24384,1.1514,0.05148,-0.42335,0.4608,89.769,81.515,10.691,28.413,1.3418
4.2498e-07,0.1316,1.1537,0.054771,-0.42255,0.46053,89.795,81.511,10.69,28.371,1.3373
4.2593e-07,0.12811,1.1555,0.0572,-0.42178,0.46026,89.82,81.508,10.69,28.329,1.3328
4.2689e-07,0.12823,1.1576,0.059401,-0.42092,0.45999,89.846,81.506,10.689,28.287,1.3283
4.2787e-07,0.23834,1.16,0.06257,-0.42007,0.45972,89.871,81.503,10.689,28.245,1.3238
4.2886e-07,0.1347,1.1622,0.065468,-0.41964,0.45946,89.897,81.502,10.689,28.202,1.3193
4.2986e-07,0.13821,1.1645,0.068126,-0.41938,0.45919,89.922,81.501,10.689,28.16,1.3148
4.3087e-07,0.14437,1.1671,0.070587,-0.4186,0.45893,89.948,81.5,10.689,28.118,1.3103
4.319e-07,0.15238,1.1696,0.072254,-0.41807,0.45867,89.973,81.5,10.689,28.076,1.3058
4.3294e-07,0.16151,1.172,0.072961,-0.41727,0.45841,89.999,81.5,10.689,28.034,1.3013
4.34e-07,0.17069,1.1745,0.073986,-0.41678,0.45815,90.024,81.5,10.689,27.991,1.2968
4.3507e-07,0.072621,1.1769,0.075518,-0.41627,0.45789,90.05,81.502,10.69,27.949,1.2923
4.3615e-07,0.072071,1.1797,0.078338,-0.41569,0.45764,90.075,81.503,10.69,27.907,1.2878
4.3724e-07,0.1653,1.1838,0.080854,-0.41506,0.45738,90.1,81.505,10.691,27.865,1.2833
4.3835e-07,0.28169,1.1881,0.084621,-0.41455,0.45713,90.126,81.508,10.692,27.823,1.2788
4.3947e-07,0.28983,1.1928,0.089595,-0.41428,0.45688,90.151,81.511,10.693,27.781,1.2743
4.406e-07,0.18459,1.1976,0.095126,-0.41367,0.45663,90.176,81.515,10.694,27.738,1.2698
4.4175e-07,0.17118,1.2027,0.099498,-0.41323,0.45638,90.201,81.519,10.695,27.696,1.2653
4.4291e-07,0.16959,1.2052,0.10266,-0.41277,0.45613,90.227,81.523,10.696,27.654,1.2608
4.4408e-07,0.17296,1.2077,0.10539,-0.41234,0.45588,90.252,81.528,10.698,27.612,1.2563
4.4527e-07,0.068546,1.2096,0.10937,-0.4117,0.45564,90.277,81.534,10.699,27.57,1.2518
4.4647e-07,0.071443,1.2111,0.11411,-0.41128,0.45539,90.302,81.54,10.701,27.528,1.2473
4.4768e-07,0.07295,1.2126,0.11866,-0.41072,0.45515,90.327,81.546,10.702,27.486,1.2429
4.4891e-07,0.072923,1.2141,0.124,-0.41035,0.45491,90.353,81.553,10.704,27.444,1.2384
4.5015e-07,0.073891,1.2151,0.1304,-0.4101,0.45467,90.378,81.56,10.706,27.403,1.2339
4.514e-07,0.17769,1.216,0.1372,-0.41005,0.45443,90.403,81.568,10.708,27.361,1.2295
4.5267e-07,0.059735,1.2168,0.14465,-0.40981,0.45419,90.428,81.576,10.71,27.319,1.225
4.5395e-07,0.048499,1.2172,0.15234,-0.40961,0.45396,90.453,81.585,10.712,27.277,1.2205
4.5524e-07,0.028012,1.2175,0.15921,-0.40935,0.45373,90.478,81.594,10.714,27.235,1.2161
4.5655e-07,0.019716,1.2176,0.16436,-0.40895,0.45349,90.503,81.604,10.717,27.194,1.2116
4.5787e-07,0.016338,1.2175,0.16979,-0.40865,0.45326,90.528,81.614,10.719,27.152,1.2072
4.592e-07,0.014557,1.2174,0.17486,-0.40834,0.45303,90.553,81.625,10.722,27.111,1.2028
4.6054e-07,-0.098373,1.2178,0.18068,-0.4083,0.45281,90.578,81.636,10.724,27.069,1.1983
4.619e-07,-0.10962,1.2184,0.18632,-0.408,0.45258,90.603,81.647,10.727,27.028,1.1939
4.6328e-07,-0.13069,1.2189,0.19199,-0.4075,0.45236,90.628,81.659,10.73,26.986,1.1895
4.6466e-07,-0.14969,1.2195,0.19675,-0.40697,0.45213,90.653,81.672,10.733,26.945,1.1851
4.6606e-07,-0.16078,1.2168,0.20165,-0.40666,0.45191,90.677,81.685,10.736,26.904,1.1807
4.6747e-07,-0.16975,1.2155,0.20606,-0.40611,0.45169,90.702,81.698,10.739,26.862,1.1763
4.689e-07,-0.077345,1.2158,0.20907,-0.4054,0.45147,90.727,81.712,10.742,26.821,1.1719
4.7034e-07,-0.09645,1.2152,0.20943,-0.40473,0.45126,90.752,81.726,10.745,26.78,1.1675
4.7179e-07,-0.0090977,1.2156,0.20834,-0.40406,0.45104,90.777,81.741,10.749,26.739,1.1631
4.7326e-07,0.072787,1.216,0.2072,-0.40316,0.45083,90.801,81.756,10.752,26.698,1.1587
4.7474e-07,0.043091,1.2163,0.20495,-0.40245,0.45061,90.826,81.772,10.756,26.658,1.1544
4.7623e-07,0.019764,1.2164,0.20127,-0.40149,0.4504,90.851,81.788,10.759,26.617,1.15
4.7774e-07,0.11345,1.2167,0.1971,-0.40054,0.45019,90.875,81.805,10.763,26.576,1.1456
4.7926e-07,0.099356,1.2168,0.19192,-0.39966,0.44999,90.9,81.822,10.767,26.535,1.1413
4.8079e-07,0.089678,1.217,0.18625,-0.39885,0.44978,90.925,81.84,10.771,26.495,1.137
4.8234e-07,0.20118,1.217,0.18111,-0.39799,0.44958,90.949,81.858,10.775,26.454,1.1326
4.839e-07,0.30941,1.2171,0.17516,-0.3973,0.44937,90.974,81.876,10.779,26.414,1.1283
4.8547e-07,0.29482,1.217,0.17014,-0.39673,0.44917,90.999,81.895,10.783,26.374,1.124
4.8706e-07,0.2769,1.2165,0.16376,-0.39662,0.44897,91.023,81.914,10.787,26.334,1.1197
4.8866e-07,0.26405,1.2173,0.1576,-0.39579,0.44877,91.048,81.934,10.791,26.294,1.1154
4.9028e-07,0.36392,1.2173,0.15208,-0.39525,0.44858,91.072,81.954,10.796,26.254,1.1111
4.9191e-07,0.243,1.2192,0.14653,-0.39459,0.44838,91.097,81.975,10.8,26.214,1.1069
4.9355e-07,0.23034,1.2197,0.14035,-0.39382,0.44819,91.121,81.996,10.805,26.174,1.1026
4.952e-07,0.21587,1.2199,0.13362,-0.39317,0.448,91.146,82.018,10.809,26.134,1.0984
4.9687e-07,0.31165,1.2226,0.12644,-0.39247,0.44781,91.17,82.04,10.814,26.094,1.0941
4.9855e-07,0.29807,1.2225,0.11949,-0.3918,0.44762,91.194,82.062,10.819,26.055,1.0899
5.0025e-07,0.28429,1.2224,0.11235,-0.39116,0.44743,91.219,82.085,10.824,26.016,1.0857
5.0196e-07,0.16129,1.2225,0.10461,-0.39057,0.44725,91.243,82.109,10.829,25.976,1.0814
5.0368e-07,0.25446,1.2226,0.097688,-0.3901,0.44707,91.267,82.133,10.834,25.937,1.0772
5.0542e-07,0.2385,1.2229,0.090223,-0.38943,0.44688,91.292,82.157,10.839,25.898,1.073
5.0717e-07,0.11613,1.223,0.082998,-0.38876,0.4467,91.316,82.182,10.844,25.859,1.0689
5.0893e-07,0.31893,1.2232,0.076031,-0.388,0.44653,91.34,82.207,10.849,25.82,1.0647
5.1071e-07,0.19435,1.2234,0.068676,-0.38723,0.44635,91.364,82.232,10.854,25.781,1.0605
5.125e-07,0.1808,1.2237,0.060808,-0.38654,0.44617,91.389,82.258,10.86,25.743,1.0564
5.143e-07,0.167,1.2239,0.053119,-0.3858,0.446,91.413,82.285,10.865,25.704,1.0523
5.1612e-07,0.15482,1.224,0.045423,-0.38509,0.44583,91.437,82.312,10.871,25.666,1.0481
5.1795e-07,0.14367,1.224,0.037628,-0.38423,0.44566,91.461,82.339,10.876,25.628,1.044
5.1979e-07,0.13179,1.224,0.029461,-0.38359,0.44549,91.485,82.367,10.882,25.59,1.0399
5.2165e-07,0.12093,1.2239,0.021726,-0.38281,0.44533,91.509,82.395,10.887,25.552,1.0358
5.2352e-07,0.10975,1.2237,0.013762,-0.38218,0.44516,91.534,82.424,10.893,25.514,1.0317
5.2541e-07,0.099545,1.2234,0.0065197,-0.38149,0.445,91.558,82.453,10.899,25.476,1.0277
5.2731e-07,0.091734,1.223,-0.0011269,-0.38082,0.44484,91.582,82.483,10.905,25.438,1.0236
5.2922e-07,0.19168,1.2227,-0.010128,-0.38019,0.44468,91.606,82.513,10.911,25.401,1.0196
5.3115e-07,0.18389,1.2222,-0.019152,-0.37958,0.44452,91.63,82.543,10.917,25.363,1.0155
5.3309e-07,0.17643,1.2216,-0.027987,-0.37903,0.44437,91.654,82.574,10.923,25.326,1.0115
5.3504e-07,0.27771,1.221,-0.036794,-0.37844,0.44421,91.678,82.605,10.929,25.289,1.0075
5.3701e-07,0.2711,1.2202,-0.045515,-0.37785,0.44406,91.701,82.637,10.935,25.252,1.0035
5.3899e-07,0.37387,1.2195,-0.053361,-0.37717,0.44391,91.725,82.669,10.942,25.215,0.99954
5.4098e-07,0.36918,1.2187,-0.060877,-0.3766,0.44376,91.749,82.701,10.948,25.179,0.99558
5.4299e-07,0.25608,1.2179,-0.067362,-0.376,0.44361,91.773,82.734,10.954,25.142,0.99162
5.4501e-07,0.25136,1.2171,-0.074196,-0.37552,0.44347,91.797,82.768,10.961,25.106,0.98768
5.4704e-07,0.13584,1.2163,-0.0807,-0.37507,0.44332,91.821,82.801,10.967,25.07,0.98375
5.4909e-07,0.12488,1.2158,-0.087874,-0.37472,0.44318,91.845,82.836,10.974,25.033,0.97984
5.5115e-07,0.11934,1.2146,-0.094961,-0.37426,0.44304,91.868,82.87,10.98,24.997,0.97593
5.5322e-07,0.22767,1.2134,-0.10321,-0.37384,0.4429,91.892,82.905,10.987,24.962,0.97204
5.5531e-07,0.23069,1.2124,-0.11304,-0.37339,0.44277,91.916,82.941,10.994,24.926,0.96817
5.5741e-07,0.23459,1.2111,-0.12162,-0.37286,0.44263,91.94,82.977,11.001,24.891,0.96431
5.5953e-07,0.13164,1.2102,-0.13115,-0.37251,0.4425,91.963,83.013,11.008,24.855,0.96046
5.6166e-07,0.02948,1.2093,-0.13967,-0.37227,0.44237,91.987,83.05,11.014,24.82,0.95663
5.638e-07,0.036629,1.2082,-0.14743,-0.37201,0.44224,92.01,83.087,11.021,24.785,0.95281
5.6595e-07,0.044502,1.2075,-0.15517,-0.37167,0.44211,92.034,83.125,11.028,24.75,0.949
5.6812e-07,0.16263,1.207,-0.16166,-0.37129,0.44199,92.058,83.163,11.035,24.715,0.94521
5.703e-07,0.17143,1.2067,-0.16768,-0.37067,0.44186,92.081,83.201,11.042,24.681,0.94143
5.725e-07,0.28958,1.2075,-0.17328,-0.36986,0.44174,92.105,83.24,11.05,24.647,0.93767
5.7471e-07,0.4086,1.2065,-0.17759,-0.36909,0.44162,92.128,83.279,11.057,24.612,0.93392
5.7693e-07,0.4202,1.2054,-0.18066,-0.36811,0.4415,92.152,83.319,11.064,24.578,0.93018
5.7916e-07,0.43314,1.2041,-0.18544,-0.36715,0.44139,92.175,83.359,11.071,24.544,0.92646
5.8141e-07,0.44628,1.2029,-0.1895,-0.366,0.44127,92.199,83.399,11.079,24.511,0.92275
5.8368e-07,0.35134,1.2014,-0.1931,-0.3649,0.44116,92.222,83.44,11.086,24.477,0.91906
5.8595e-07,0.25598,1.1997,-0.19694,-0.3637,0.44105,92.246,83.481,11.093,24.444,0.91538
5.8824e-07,0.27061,1.1982,-0.20198,-0.36244,0.44094,92.269,83.523,11.101,24.411,0.91172
5.9054e-07,0.3943,1.1966,-0.20708,-0.36142,0.44083,92.292,83.565,11.108,24.377,0.90807
5.9286e-07,0.40876,1.1952,-0.21062,-0.36041,0.44073,92.316,83.607,11.116,24.345,0.90444
5.9518e-07,0.42342,1.1936,-0.21436,-0.35944,0.44062,92.339,83.65,11.124,24.312,0.90082
5.9752e-07,0.331,1.192,-0.21727,-0.35853,0.44052,92.362,83.693,11.131,24.279,0.89721
5.9988e-07,0.34842,1.1905,-0.2186,-0.35761,0.44042,92.386,83.737,11.139,24.247,0.89363
6.0225e-07,0.36429,1.189,-0.21805,-0.35684,0.44033,92.409,83.781,11.147,24.215,0.89005
6.0463e-07,0.3814,1.1876,-0.21648,-0.35609,0.44023,92.432,83.826,11.154,24.183,0.88649
6.0702e-07,0.39949,1.1862,-0.21386,-0.35542,0.44013,92.455,83.87,11.162,24.151,0.88295
6.0943e-07,0.30688,1.1847,-0.21081,-0.35486,0.44004,92.479,83.916,11.17,24.12,0.87942
6.1185e-07,0.21586,1.1833,-0.2074,-0.3542,0.43995,92.502,83.961,11.178,24.088,0.87591
6.1428e-07,0.1258,1.1819,-0.20348,-0.35352,0.43986,92.525,84.007,11.186,24.057,0.87241
6.1673e-07,0.14537,1.1807,-0.19799,-0.35292,0.43978,92.548,84.054,11.194,24.026,0.86892
6.1918e-07,0.2718,1.1797,-0.19126,-0.3524,0.43969,92.571,84.1,11.202,23.995,0.86546
6.2166e-07,0.073619,1.1786,-0.18469,-0.35195,0.43961,92.594,84.148,11.21,23.964,0.862
6.2414e-07,0.089731,1.1775,-0.17848,-0.35149,0.43953,92.617,84.195,11.218,23.934,0.85857
6.2664e-07,-0.10887,1.1763,-0.17287,-0.35116,0.43945,92.64,84.243,11.226,23.903,0.85514
6.2915e-07,-0.093263,1.1751,-0.16731,-0.35068,0.43937,92.663,84.291,11.234,23.873,0.85174
6.3167e-07,-0.078868,1.174,-0.16102,-0.35019,0.4393,92.686,84.34,11.242,23.843,0.84835
6.3421e-07,-0.063299,1.1725,-0.15728,-0.34946,0.43922,92.709,84.389,11.25,23.814,0.84497
6.3675e-07,-0.15706,1.1715,-0.15269,-0.34895,0.43915,92.732,84.439,11.259,23.784,0.84161
6.3932e-07,-0.14247,1.1701,-0.14932,-0.34832,0.43908,92.755,84.489,11.267,23.755,0.83827
6.4189e-07,-0.12898,1.1685,-0.14606,-0.3476,0.43902,92.778,84.539,11.275,23.726,0.83494
6.4448e-07,-0.33759,1.1672,-0.14153,-0.34684,0.43895,92.801,84.589,11.283,23.697,0.83163
6.4707e-07,-0.33201,1.1657,-0.13608,-0.34623,0.43889,92.824,84.64,11.292,23.668,0.82833
6.4969e-07,-0.32899,1.1654,-0.13061,-0.34595,0.43882,92.847,84.692,11.3,23.639,0.82505
6.5231e-07,-0.22012,1.1649,-0.12521,-0.34565,0.43876,92.869,84.743,11.309,23.611,0.82178
6.5495e-07,-0.22031,1.164,-0.12066,-0.34536,0.43871,92.892,84.796,11.317,23.583,0.81853
6.5759e-07,-0.21952,1.1631,-0.11664,-0.34515,0.43865,92.915,84.848,11.325,23.555,0.81529
6.6026e-07,-0.113,1.1622,-0.11243,-0.34489,0.4386,92.938,84.901,11.334,23.527,0.81207
6.6293e-07,-0.11939,1.1618,-0.10788,-0.34493,0.43854,92.961,84.954,11.342,23.5,0.80887
6.6561e-07,-0.12607,1.1607,-0.10329,-0.34464,0.43849,92.983,85.008,11.351,23.472,0.80568
6.6831e-07,-0.13197,1.1599,-0.098913,-0.34427,0.43844,93.006,85.062,11.359,23.445,0.80251
6.7102e-07,-0.13972,1.1592,-0.094711,-0.34404,0.4384,93.029,85.116,11.368,23.418,0.79936
6.7375e-07,-0.0392,1.1588,-0.089927,-0.34369,0.43835,93.051,85.171,11.377,23.391,0.79622
6.7648e-07,-0.048879,1.1584,-0.085439,-0.3433,0.43831,93.074,85.226,11.385,23.365,0.79309
6.7923e-07,-0.059064,1.1583,-0.080609,-0.34303,0.43827,93.096,85.281,11.394,23.339,0.78998
6.8199e-07,-0.28362,1.158,-0.076389,-0.34248,0.43823,93.119,85.337,11.402,23.313,0.78689
6.8476e-07,-0.29202,1.158,-0.072495,-0.34208,0.43819,93.142,85.393,11.411,23.287,0.78381
6.8754e-07,-0.41048,1.1581,-0.069274,-0.34169,0.43816,93.164,85.449,11.42,23.261,0.78075
6.9033e-07,-0.42144,1.1585,-0.065661,-0.34145,0.43813,93.187,85.506,11.428,23.235,0.77771
6.9314e-07,-0.43203,1.159,-0.063101,-0.34103,0.43809,93.209,85.563,11.437,23.21,0.77468
6.9596e-07,-0.44271,1.1591,-0.06206,-0.34054,0.43807,93.232,85.621,11.446,23.185,0.77166
6.9879e-07,-0.45213,1.1593,-0.060456,-0.33986,0.43804,93.254,85.679,11.455,23.16,0.76866
7.0163e-07,-0.35304,1.1597,-0.061346,-0.33927,0.43801,93.276,85.737,11.463,23.136,0.76568
7.0448e-07,-0.25393,1.1601,-0.061616,-0.33881,0.43799,93.299,85.796,11.472,23.111,0.76272
7.0735e-07,-0.15451,1.1607,-0.062588,-0.33834,0.43797,93.321,85.854,11.481,23.087,0.75977
7.1022e-07,-0.1648,1.1612,-0.063332,-0.33792,0.43795,93.344,85.914,11.49,23.063,0.75683
7.1311e-07,-0.17467,1.1617,-0.064302,-0.33722,0.43793,93.366,85.973,11.499,23.039,0.75391
7.1601e-07,-0.18218,1.1622,-0.06682,-0.33655,0.43791,93.388,86.033,11.507,23.016,0.75101
7.1892e-07,-0.19093,1.1625,-0.069225,-0.33605,0.4379,93.411,86.094,11.516,22.993,0.74812
7.2184e-07,-0.092979,1.1632,-0.071744,-0.33532,0.43789,93.433,86.154,11.525,22.97,0.74525
7.2477e-07,0.0056818,1.1636,-0.074114,-0.33481,0.43788,93.455,86.215,11.534,22.947,0.7424
7.2772e-07,0.10428,1.1643,-0.07646,-0.33428,0.43787,93.477,86.277,11.543,22.924,0.73956
7.3067e-07,0.094414,1.1651,-0.078679,-0.3337,0.43787,93.499,86.338,11.552,22.902,0.73673
7.3364e-07,0.19289,1.1661,-0.080386,-0.3331,0.43786,93.522,86.4,11.561,22.879,0.73393
7.3662e-07,0.18239,1.1671,-0.082279,-0.33247,0.43786,93.544,86.463,11.57,22.857,0.73113
7.3961e-07,0.17028,1.1681,-0.084752,-0.33199,0.43786,93.566,86.525,11.579,22.836,0.72836
7.426e-07,0.15883,1.1692,-0.087682,-0.33143,0.43786,93.588,86.588,11.588,22.814,0.7256
7.4561e-07,0.14677,1.1704,-0.089509,-0.33087,0.43787,93.61,86.652,11.597,22.793,0.72285
7.4863e-07,0.13569,1.1719,-0.092237,-0.3302,0.43787,93.632,86.715,11.606,22.772,0.72012
7.5167e-07,0.12511,1.1733,-0.094942,-0.32965,0.43788,93.654,86.779,11.614,22.751,0.71741
7.5471e-07,0.11497,1.1746,-0.09792,-0.32917,0.43789,93.676,86.844,11.623,22.73,0.71471
7.5776e-07,-0.0054556,1.1763,-0.10084,-0.3286,0.4379,93.698,86.908,11.632,22.71,0.71203
7.6082e-07,-0.01554,1.1778,-0.103,-0.32799,0.43791,93.72,86.973,11.641,22.69,0.70936
7.639e-07,-0.026657,1.1793,-0.10504,-0.32733,0.43793,93.742,87.039,11.65,22.67,0.70671
7.6698e-07,0.071327,1.1812,-0.10674,-0.3267,0.43795,93.764,87.104,11.659,22.65,0.70408
7.7007e-07,0.061917,1.1828,-0.10869,-0.3262,0.43797,93.786,87.17,11.668,22.631,0.70146
7.7318e-07,0.05125,1.1845,-0.11033,-0.3255,0.43799,93.808,87.237,11.677,22.611,0.69885
7.7629e-07,0.25743,1.1863,-0.11145,-0.32477,0.43801,93.83,87.303,11.686,22.592,0.69626
7.7942e-07,0.24954,1.1884,-0.11274,-0.32421,0.43804,93.852,87.37,11.695,22.574,0.69369
7.8255e-07,0.24083,1.1906,-0.11328,-0.32364,0.43806,93.874,87.437,11.704,22.555,0.69113
7.8569e-07,0.23283,1.193,-0.11394,-0.323,0.43809,93.896,87.505,11.713,22.537,0.68859
7.8885e-07,0.22518,1.1958,-0.11651,-0.32245,0.43812,93.917,87.573,11.722,22.519,0.68606
7.9201e-07,0.32575,1.1987,-0.11873,-0.32196,0.43816,93.939,87.641,11.732,22.501,0.68355
7.9518e-07,0.31939,1.202,-0.12046,-0.32152,0.43819,93.961,87.709,11.741,22.483,0.68106
7.9837e-07,0.31301,1.2053,-0.12188,-0.32115,0.43823,93.983,87.778,11.75,22.466,0.67858
8.0156e-07,0.30524,1.2085,-0.1228,-0.32059,0.43827,94.004,87.847,11.759,22.449,0.67611
8.0476e-07,0.29768,1.2118,-0.12288,-0.32012,0.43831,94.026,87.917,11.768,22.432,0.67366
8.0797e-07,0.17889,1.215,-0.12321,-0.31961,0.43835,94.048,87.986,11.777,22.415,0.67123
8.1119e-07,0.1703,1.2183,-0.12231,-0.31913,0.43839,94.069,88.056,11.786,22.399,0.66881
8.1442e-07,0.053756,1.2217,-0.12098,-0.3187,0.43844,94.091,88.127,11.795,22.383,0.6664
8.1766e-07,0.045139,1.2252,-0.11839,-0.31827,0.43849,94.113,88.197,11.804,22.367,0.66401
8.2091e-07,-0.072681,1.2285,-0.11684,-0.31776,0.43854,94.134,88.268,11.813,22.351,0.66164
8.2416e-07,0.026283,1.2319,-0.11477,-0.31741,0.43859,94.156,88.339,11.822,22.336,0.65928
8.2743e-07,0.018223,1.2353,-0.11258,-0.31692,0.43865,94.177,88.411,11.831,22.32,0.65694
8.307e-07,0.011767,1.2387,-0.11101,-0.31642,0.4387,94.199,88.483,11.84,22.305,0.65461
8.3399e-07,0.0055553,1.242,-0.11032,-0.31612,0.43876,94.22,88.555,11.849,22.291,0.6523
8.3728e-07,-0.10723,1.2453,-0.10998,-0.31582,0.43882,94.242,88.627,11.858,22.276,0.65
8.4058e-07,-0.11297,1.2487,-0.11031,-0.3155,0.43888,94.263,88.7,11.867,22.262,0.64771
8.4389e-07,-0.11944,1.2519,-0.11153,-0.31522,0.43895,94.285,88.773,11.876,22.248,0.64545
8.4721e-07,-0.12789,1.2552,-0.11358,-0.31499,0.43901,94.306,88.846,11.885,22.234,0.64319
8.5053e-07,-0.023806,1.2584,-0.11533,-0.31475,0.43908,94.328,88.919,11.894,22.22,0.64095
8.5386e-07,-0.030075,1.2616,-0.11715,-0.31472,0.43915,94.349,88.993,11.903,22.207,0.63873
8.5721e-07,-0.03342,1.2646,-0.11971,-0.31469,0.43922,94.37,89.067,11.912,22.194,0.63652
8.6056e-07,-0.14436,1.2675,-0.12151,-0.31454,0.43929,94.392,89.142,11.921,22.181,0.63433
8.6391e-07,-0.14463,1.2704,-0.12256,-0.31436,0.43937,94.413,89.216,11.93,22.169,0.63215
8.6728e-07,-0.14197,1.2733,-0.12285,-0.31422,0.43945,94.434,89.291,11.939,22.156,0.62998
8.7065e-07,-0.14177,1.2764,-0.12394,-0.31407,0.43953,94.456,89.367,11.947,22.144,0.62783
8.7403e-07,-0.14169,1.2792,-0.12418,-0.31374,0.43961,94.477,89.442,11.956,22.133,0.6257
8.7742e-07,-0.14238,1.2821,-0.12497,-0.31357,0.43969,94.498,89.518,11.965,22.121,0.62358
8.8082e-07,-0.14092,1.2847,-0.12406,-0.31323,0.43978,94.519,89.594,11.974,22.11,0.62147
8.8422e-07,-0.14069,1.2872,-0.12386,-0.31298,0.43986,94.54,89.67,11.983,22.099,0.61938
8.8763e-07,-0.13828,1.2898,-0.12288,-0.31286,0.43995,94.562,89.747,11.992,22.088,0.6173
8.9105e-07,-0.24475,1.2926,-0.12106,-0.31294,0.44004,94.583,89.824,12.001,22.077,0.61524
8.9447e-07,-0.13489,1.2952,-0.11923,-0.31276,0.44013,94.604,89.901,12.01,22.067,0.61319
8.9791e-07,-0.024202,1.2976,-0.11796,-0.31282,0.44023,94.625,89.978,12.019,22.057,0.61116
9.0134e-07,-0.021193,1.2998,-0.11711,-0.31277,0.44032,94.646,90.056,12.028,22.047,0.60914
9.0479e-07,-0.018795,1.3019,-0.11571,-0.31236,0.44042,94.667,90.134,12.036,22.037,0.60713
9.0824e-07,-0.014782,1.3038,-0.11344,-0.3121,0.44052,94.688,90.212,12.045,22.028,0.60514
9.117e-07,-0.01033,1.3056,-0.11123,-0.31184,0.44062,94.709,90.29,12.054,22.019,0.60317
9.1517e-07,-0.0068187,1.3074,-0.10907,-0.31177,0.44073,94.73,90.369,12.063,22.01,0.6012
9.1864e-07,-0.0036035,1.3093,-0.10682,-0.3117,0.44083,94.751,90.448,12.072,22.001,0.59925
9.2212e-07,0.10567,1.311,-0.10352,-0.31144,0.44094,94.772,90.527,12.081,21.993,0.59732
9.256e-07,0.21539,1.3129,-0.10045,-0.31121,0.44105,94.793,90.607,12.089,21.985,0.5954
9.291e-07,0.21849,1.3141,-0.097523,-0.31083,0.44116,94.814,90.686,12.098,21.977,0.59349
9.3259e-07,0.11436,1.3157,-0.094757,-0.31034,0.44128,94.835,90.766,12.107,21.969,0.5916
9.361e-07,0.22701,1.317,-0.092139,-0.3099,0.44139,94.856,90.847,12.116,21.962,0.58972
9.396e-07,0.23063,1.3186,-0.08977,-0.30943,0.44151,94.877,90.927,12.125,21.955,0.58786
9.4312e-07,0.12739,1.32,-0.088055,-0.30893,0.44163,94.898,91.008,12.133,21.948,0.58601
9.4664e-07,0.1323,1.3211,-0.086535,-0.30845,0.44175,94.918,91.089,12.142,21.941,0.58417
9.5017e-07,0.13704,1.3219,-0.085137,-0.30806,0.44187,94.939,91.17,12.151,21.935,0.58235
9.537e-07,0.034525,1.3227,-0.084282,-0.30749,0.44199,94.96,91.251,12.16,21.929,0.58054
9.5724e-07,0.14884,1.3235,-0.084336,-0.30691,0.44212,94.981,91.333,12.168,21.923,0.57874
9.6078e-07,0.15511,1.3241,-0.084919,-0.30638,0.44225,95.002,91.415,12.177,21.917,0.57696
9.6433e-07,0.16318,1.3247,-0.086022,-0.30582,0.44238,95.022,91.497,12.186,21.912,0.57519
9.6788e-07,0.17092,1.3254,-0.087142,-0.30521,0.44251,95.043,91.58,12.194,21.907,0.57344
9.7144e-07,0.1792,1.3258,-0.088386,-0.30466,0.44264,95.064,91.662,12.203,21.902,0.5717
9.75e-07,0.079405,1.3262,-0.089369,-0.30405,0.44278,95.084,91.745,12.212,21.898,0.56997
9.7857e-07,0.090086,1.3266,-0.091239,-0.30363,0.44291,95.105,91.828,12.22,21.893,0.56826
9.8214e-07,0.1023,1.327,-0.092792,-0.30301,0.44305,95.126,91.911,12.229,21.889,0.56656
9.8571e-07,0.22273,1.3269,-0.095005,-0.30237,0.44319,95.146,91.995,12.237,21.885,0.56487
9.893e-07,0.23488,1.3218,-0.098634,-0.30255,0.44334,95.167,92.079,12.246,21.882,0.5632
9.9288e-07,0.24629,1.3191,-0.10181,-0.30238,0.44348,95.187,92.163,12.255,21.878,0.56154
9.9647e-07,0.25821,1.3182,-0.10584,-0.30212,0.44363,95.208,92.247,12.263,21.875,0.55989
1.0001e-06,0.15978,1.3178,-0.11043,-0.30185,0.44377,95.228,92.332,12.272,21.873,0.55825
1.0037e-06,0.16867,1.3174,-0.11437,-0.30132,0.44392,95.249,92.416,12.28,21.87,0.55663
1.0073e-06,0.17889,1.3172,-0.11867,-0.30092,0.44407,95.269,92.501,12.289,21.868,0.55503
1.0109e-06,0.19073,1.3169,-0.12296,-0.30056,0.44423,95.29,92.586,12.297,21.866,0.55343
1.0145e-06,0.20341,1.3166,-0.12691,-0.30019,0.44438,95.31,92.672,12.306,21.864,0.55185
1.0181e-06,0.21752,1.3164,-0.13189,-0.29954,0.44454,95.331,92.757,12.314,21.862,0.55028
1.0217e-06,0.23289,1.3161,-0.13644,-0.29909,0.4447,95.351,92.843,12.323,21.861,0.54872
1.0253e-06,0.24699,1.3159,-0.14087,-0.2987,0.44486,95.372,92.929,12.331,21.86,0.54718
1.029e-06,0.15392,1.3154,-0.14511,-0.29816,0.44502,95.392,93.015,12.34,21.859,0.54565
1.0326e-06,0.38554,1.315,-0.14943,-0.29783,0.44518,95.412,93.101,12.348,21.859,0.54414
1.0362e-06,0.40066,1.3147,-0.15316,-0.29761,0.44535,95.433,93.188,12.357,21.859,0.54263
1.0399e-06,0.41641,1.314,-0.1572,-0.29737,0.44552,95.453,93.275,12.365,21.859,0.54114
1.0435e-06,0.54082,1.3134,-0.16097,-0.29705,0.44569,95.473,93.362,12.374,21.859,0.53966
1.0471e-06,0.5545,1.3127,-0.16481,-0.29696,0.44586,95.494,93.449,12.382,21.859,0.5382
1.0508e-06,0.56711,1.3121,-0.16845,-0.29678,0.44603,95.514,93.536,12.39,21.86,0.53674
1.0544e-06,0.58111,1.3115,-0.17138,-0.29656,0.4462,95.534,93.624,12.399,21.861,0.5353
1.0581e-06,0.59307,1.311,-0.17425,-0.29635,0.44638,95.554,93.712,12.407,21.862,0.53387
1.0617e-06,0.4967,1.3104,-0.17759,-0.29599,0.44656,95.574,93.8,12.416,21.864,0.53246
1.0654e-06,0.50924,1.3099,-0.18143,-0.29581,0.44674,95.595,93.888,12.424,21.866,0.53106
1.069e-06,0.41323,1.3094,-0.18519,-0.29551,0.44692,95.615,93.976,12.432,21.868,0.52967
1.0727e-06,0.3164,1.3091,-0.18951,-0.29498,0.4471,95.635,94.065,12.441,21.87,0.52829
1.0763e-06,0.32698,1.3086,-0.19402,-0.29462,0.44728,95.655,94.154,12.449,21.873,0.52692
1.08e-06,0.23135,1.3084,-0.19973,-0.29418,0.44747,95.675,94.243,12.457,21.875,0.52557
1.0837e-06,0.35266,1.3082,-0.20589,-0.29363,0.44766,95.695,94.332,12.465,21.879,0.52423
1.0873e-06,0.25818,1.3081,-0.21244,-0.2931,0.44785,95.715,94.421,12.474,21.882,0.5229
1.091e-06,0.38214,1.3085,-0.21886,-0.29254,0.44804,95.735,94.51,12.482,21.885,0.52158
1.0947e-06,0.39991,1.3095,-0.22523,-0.292,0.44823,95.755,94.6,12.49,21.889,0.52028
1.0983e-06,0.41929,1.3102,-0.23176,-0.29154,0.44843,95.775,94.69,12.499,21.893,0.51899
1.102e-06,0.33236,1.3119,-0.23846,-0.29089,0.44862,95.795,94.78,12.507,21.898,0.51771
1.1057e-06,0.24282,1.3116,-0.24499,-0.29058,0.44882,95.815,94.87,12.515,21.902,0.51644
1.1094e-06,0.25947,1.311,-0.25119,-0.2903,0.44902,95.835,94.96,12.523,21.907,0.51518
1.113e-06,0.38191,1.3105,-0.25757,-0.29007,0.44922,95.855,95.051,12.531,21.912,0.51394
1.1167e-06,0.39516,1.31,-0.26305,-0.28978,0.44942,95.875,95.142,12.54,21.918,0.51271
1.1204e-06,0.40444,1.3098,-0.2677,-0.28946,0.44963,95.895,95.233,12.548,21.924,0.51149
1.1241e-06,0.41307,1.3096,-0.27166,-0.28917,0.44983,95.915,95.324,12.556,21.929,0.51028
1.1277e-06,0.4221,1.3096,-0.2752,-0.28876,0.45004,95.935,95.415,12.564,21.936,0.50908
1.1314e-06,0.43237,1.3095,-0.27883,-0.28838,0.45025,95.954,95.506,12.572,21.942,0.5079
1.1351e-06,0.44535,1.3096,-0.28285,-0.28792,0.45046,95.974,95.598,12.581,21.949,0.50673
1.1388e-06,0.45642,1.3095,-0.2858,-0.28744,0.45067,95.994,95.689,12.589,21.956,0.50557
1.1425e-06,0.46633,1.3097,-0.28761,-0.28696,0.45089,96.014,95.781,12.597,21.963,0.50442
1.1461e-06,0.47646,1.3098,-0.28923,-0.28646,0.4511,96.034,95.873,12.605,21.97,0.50328
1.1498e-06,0.37917,1.31,-0.29033,-0.28598,0.45132,96.053,95.965,12.613,21.978,0.50215
1.1535e-06,0.3884,1.3105,-0.29075,-0.28532,0.45154,96.073,96.058,12.621,21.986,0.50104
1.1572e-06,0.39758,1.3108,-0.29102,-0.28484,0.45176,96.093,96.15,12.63,21.994,0.49994
1.1609e-06,0.40528,1.3111,-0.28926,-0.28442,0.45198,96.112,96.243,12.638,22.003,0.49885
1.1645e-06,0.41255,1.3114,-0.28736,-0.28402,0.45221,96.132,96.335,12.646,22.012,0.49777
1.1682e-06,0.41656,1.3119,-0.2844,-0.28365,0.45243,96.152,96.428,12.654,22.021,0.4967
1.1719e-06,0.42038,1.3125,-0.28222,-0.28326,0.45266,96.171,96.521,12.662,22.03,0.49564
1.1756e-06,0.31561,1.313,-0.2792,-0.28292,0.45288,96.191,96.614,12.67,22.039,0.4946
1.1793e-06,0.31719,1.3137,-0.2774,-0.28252,0.45311,96.21,96.708,12.678,22.049,0.49357
1.1829e-06,0.31718,1.3143,-0.27574,-0.28206,0.45335,96.23,96.801,12.686,22.059,0.49254
1.1866e-06,0.42664,1.3151,-0.27311,-0.2817,0.45358,96.25,96.895,12.694,22.069,0.49153
1.1903e-06,0.42682,1.3157,-0.27036,-0.28133,0.45381,96.269,96.988,12.703,22.08,0.49053
1.194e-06,0.42472,1.3167,-0.26789,-0.28099,0.45405,96.289,97.082,12.711,22.091,0.48955
1.1977e-06,0.3139,1.3175,-0.26554,-0.28057,0.45428,96.308,97.176,12.719,22.102,0.48857
1.2013e-06,0.30923,1.3183,-0.26298,-0.28021,0.45452,96.328,97.27,12.727,22.113,0.4876
1.205e-06,0.41238,1.319,-0.26021,-0.27984,0.45476,96.347,97.364,12.735,22.125,0.48665
1.2087e-06,0.40542,1.3197,-0.25724,-0.27945,0.455,96.366,97.459,12.743,22.136,0.48571
1.2123e-06,0.50735,1.3203,-0.25411,-0.27917,0.45525,96.386,97.553,12.751,22.149,0.48477
1.216e-06,0.50083,1.3212,-0.25138,-0.27885,0.45549,96.405,97.648,12.759,22.161,0.48385
1.2197e-06,0.49426,1.3216,-0.24854,-0.27858,0.45574,96.425,97.743,12.767,22.174,0.48294
1.2233e-06,0.48843,1.3222,-0.24588,-0.27821,0.45598,96.444,97.837,12.775,22.186,0.48204
1.227e-06,0.48061,1.3229,-0.24275,-0.27786,0.45623,96.463,97.932,12.783,22.199,0.48116
1.2307e-06,0.47352,1.3233,-0.23943,-0.27756,0.45648,96.483,98.027,12.792,22.213,0.48028
1.2343e-06,0.57523,1.3237,-0.23647,-0.27713,0.45673,96.502,98.123,12.8,22.226,0.47941
1.238e-06,0.56826,1.324,-0.2334,-0.27687,0.45699,96.521,98.218,12.808,22.24,0.47856
1.2416e-06,0.56295,1.3243,-0.23017,-0.27652,0.45724,96.541,98.313,12.816,22.254,0.47771
1.2453e-06,0.55632,1.3245,-0.22671,-0.27617,0.4575,96.56,98.409,12.824,22.269,0.47688
1.2489e-06,0.54866,1.3246,-0.22411,-0.27587,0.45775,96.579,98.504,12.832,22.283,0.47606
1.2526e-06,0.54044,1.3248,-0.22102,-0.27557,0.45801,96.598,98.6,12.84,22.298,0.47525
1.2562e-06,0.5302,1.3247,-0.21697,-0.27539,0.45827,96.617,98.696,12.848,22.313,0.47445
1.2599e-06,0.52094,1.3247,-0.21283,-0.27517,0.45853,96.637,98.792,12.856,22.329,0.47366
1.2635e-06,0.51153,1.3249,-0.20876,-0.27495,0.4588,96.656,98.887,12.865,22.345,0.47288
1.2671e-06,0.6108,1.3248,-0.20386,-0.27476,0.45906,96.675,98.984,12.873,22.36,0.47211
1.2708e-06,0.70836,1.3247,-0.19889,-0.27454,0.45932,96.694,99.08,12.881,22.377,0.47135
1.2744e-06,0.6981,1.3247,-0.19349,-0.27449,0.45959,96.713,99.176,12.889,22.393,0.4706
1.278e-06,0.68628,1.3249,-0.1871,-0.27439,0.45986,96.732,99.272,12.897,22.41,0.46987
1.2817e-06,0.56452,1.3248,-0.1802,-0.27415,0.46013,96.751,99.369,12.905,22.427,0.46914
1.2853e-06,0.55373,1.3248,-0.17306,-0.27395,0.4604,96.77,99.465,12.914,22.444,0.46843
1.2889e-06,0.54293,1.325,-0.16593,-0.27373,0.46067,96.789,99.562,12.922,22.461,0.46772
1.2925e-06,0.53202,1.3253,-0.15817,-0.27352,0.46094,96.808,99.658,12.93,22.479,0.46703
1.2961e-06,0.41011,1.3256,-0.15044,-0.27335,0.46122,96.827,99.755,12.938,22.497,0.46635
1.2997e-06,0.28979,1.3259,-0.14278,-0.27322,0.46149,96.846,99.852,12.946,22.515,0.46567
1.3033e-06,0.16966,1.3268,-0.13579,-0.27315,0.46177,96.865,99.949,12.955,22.533,0.46501
1.3069e-06,0.16026,1.3269,-0.12948,-0.27273,0.46205,96.884,100.05,12.963,22.552,0.46436
1.3105e-06,0.14738,1.3275,-0.12276,-0.27232,0.46232,96.903,100.14,12.971,22.571,0.46372
1.3141e-06,0.13785,1.3284,-0.11685,-0.2718,0.4626,96.922,100.24,12.979,22.59,0.46309
1.3177e-06,-0.087345,1.3292,-0.11165,-0.2714,0.46289,96.941,100.34,12.988,22.61,0.46247
1.3213e-06,-0.093672,1.3301,-0.10722,-0.27076,0.46317,96.96,100.43,12.996,22.629,0.46186
1.3249e-06,-0.1003,1.331,-0.1035,-0.27025,0.46345,96.979,100.53,13.004,22.649,0.46126
1.3285e-06,-0.10356,1.3322,-0.099985,-0.26973,0.46374,96.998,100.63,13.013,22.669,0.46067
1.332e-06,-0.10745,1.3333,-0.096452,-0.26941,0.46402,97.017,100.73,13.021,22.69,0.46009
1.3356e-06,-0.0039511,1.3344,-0.093009,-0.26934,0.46431,97.035,100.82,13.029,22.71,0.45952
1.3392e-06,0.10053,1.3356,-0.09007,-0.26922,0.4646,97.054,100.92,13.038,22.731,0.45896
1.3427e-06,0.097098,1.3369,-0.087451,-0.26899,0.46489,97.073,101.02,13.046,22.753,0.45841
1.3463e-06,0.20245,1.3383,-0.084877,-0.2686,0.46518,97.092,101.12,13.054,22.774,0.45787
1.3498e-06,0.091486,1.3397,-0.083313,-0.26839,0.46547,97.11,101.21,13.063,22.796,0.45735
1.3534e-06,-0.01814,1.3411,-0.082127,-0.26801,0.46577,97.129,101.31,13.071,22.818,0.45683
1.3569e-06,-0.020933,1.3427,-0.080975,-0.26765,0.46606,97.148,101.41,13.08,22.84,0.45632
1.3605e-06,-0.020924,1.3445,-0.07989,-0.26729,0.46635,97.166,101.51,13.088,22.862,0.45583
1.364e-06,0.083791,1.3462,-0.079307,-0.26698,0.46665,97.185,101.6,13.097,22.885,0.45534
1.3675e-06,-0.027036,1.3479,-0.078928,-0.26663,0.46695,97.204,101.7,13.105,22.908,0.45486
1.371e-06,-0.026418,1.3497,-0.077329,-0.26615,0.46725,97.222,101.8,13.114,22.931,0.4544
1.3746e-06,0.081351,1.3516,-0.076171,-0.26562,0.46755,97.241,101.9,13.123,22.954,0.45394
1.3781e-06,0.18855,1.3534,-0.075331,-0.26524,0.46785,97.26,102,13.131,22.978,0.4535
1.3816e-06,0.18909,1.3554,-0.074087,-0.26497,0.46815,97.278,102.09,13.14,23.002,0.45306
1.3851e-06,0.18862,1.3571,-0.07341,-0.26421,0.46845,97.297,102.19,13.149,23.026,0.45264
1.3886e-06,0.18821,1.3589,-0.073307,-0.26387,0.46875,97.315,102.29,13.157,23.05,0.45222
1.3921e-06,0.1885,1.3608,-0.072032,-0.26329,0.46906,97.334,102.39,13.166,23.075,0.45182
1.3955e-06,0.29404,1.3628,-0.071563,-0.26283,0.46937,97.352,102.49,13.175,23.099,0.45142
1.399e-06,0.29362,1.3645,-0.07138,-0.26226,0.46967,97.371,102.58,13.183,23.124,0.45104
1.4025e-06,0.29399,1.3662,-0.071573,-0.26176,0.46998,97.389,102.68,13.192,23.15,0.45066
